Date,Opponent,PLAYER,MIN,USGP,PFGM,PFGA,P3PM,P3PA,PFTM,PFTA,POREB,PDREB,PREB,PAST,PTO,PSTL,PBLK,PBLKA,PPF,PPFD,PPTS
11/03/2017,Jazz,Andre Roberson,32:19:00,9.6,10.3,7.4,20.0,13.3,8.3,23.5,0.0,12.0,8.8,0.0,11.1,40.0,20.0,0.0,10.0,25.0,10.7
11/03/2017,Jazz,Taj Gibson,22:02,21.5,30.4,22.5,0.0,0.0,20.0,12.5,20.0,26.3,25.0,0.0,20.0,0.0,0.0,100,20.0,28.6,27.3
11/03/2017,Jazz,Steven Adams,31:55:00,13.8,17.9,14.5,0.0,0.0,7.1,10.0,50.0,21.7,29.0,0.0,12.5,28.6,16.7,0.0,16.7,15.4,15.1
11/03/2017,Jazz,Victor Oladipo,38:14:00,19.9,22.9,20.8,50.0,30.0,21.4,21.1,9.1,4.2,5.7,19.0,11.1,20.0,25.0,50.0,14.3,23.1,24.4
11/03/2017,Jazz,Russell Westbrook,36:18:00,45.0,27.3,41.3,60.0,62.5,75.0,59.1,11.1,37.0,30.6,73.7,55.6,28.6,28.6,0.0,7.7,40.0,37.9
11/03/2017,Jazz,Alex Abrines,15:19,8.6,13.3,10.3,25.0,12.5,0.0,0.0,0.0,0.0,0.0,20.0,0.0,0.0,0.0,0.0,10.0,20.0,13.2
11/03/2017,Jazz,Enes Kanter,18:21,34.3,44.4,34.3,0.0,0.0,0.0,0.0,50.0,50.0,50.0,16.7,50.0,0.0,100,0.0,33.3,0.0,35.6
11/03/2017,Jazz,Domantas Sabonis,11:39,3.9,8.3,4.5,0.0,0.0,0.0,0.0,33.3,33.3,33.3,50.0,0.0,0.0,0.0,0.0,62.5,0.0,6.7
11/03/2017,Jazz,Semaj Christon,17:02,13.1,0.0,16.1,0.0,37.5,0.0,0.0,0.0,14.3,10.0,20.0,0.0,0.0,0.0,0.0,18.2,0.0,0.0
11/03/2017,Jazz,Doug McDermott,04:48,0.0,0.0,0.0,0.0,0.0,0.0,0.0,0.0,0.0,0.0,0.0,0.0,0.0,0.0,0.0,0.0,0.0,0.0
11/03/2017,Jazz,Jerami Grant,12:03,13.3,0.0,15.0,0.0,20.0,0.0,0.0,50.0,11.1,23.1,0.0,25.0,0.0,0.0,0.0,33.3,0.0,0.0
09/03/2017,Spurs,Andre Roberson,27:02:00,9.0,12.0,7.8,0.0,10.0,11.1,13.3,22.2,17.6,19.2,7.7,12.5,28.6,33.3,0.0,18.2,10.0,11.3
09/03/2017,Spurs,Taj Gibson,22:20,20.8,15.0,17.1,0.0,0.0,16.7,20.0,0.0,27.3,18.8,0.0,100,0.0,50.0,0.0,27.3,12.5,14.6
09/03/2017,Spurs,Steven Adams,29:01:00,16.4,20.0,14.8,0.0,0.0,8.3,26.3,27.3,16.7,20.7,0.0,16.7,16.7,0.0,0.0,16.7,21.4,16.9
09/03/2017,Spurs,Victor Oladipo,27:33:00,27.6,29.6,28.8,100,44.4,20.0,12.5,0.0,26.7,19.0,21.4,25.0,16.7,0.0,60.0,15.4,14.3,32.3
09/03/2017,Spurs,Russell Westbrook,35:08:00,34.0,22.6,31.8,20.0,37.5,57.1,42.9,23.1,45.5,37.1,72.2,42.9,25.0,0.0,0.0,15.4,33.3,28.4
09/03/2017,Spurs,Alex Abrines,12:03,17.7,14.3,26.1,50.0,55.6,0.0,0.0,16.7,14.3,15.0,0.0,0.0,100,0.0,50.0,20.0,20.0,13.6
09/03/2017,Spurs,Enes Kanter,24:20:00,21.9,30.0,21.7,0.0,0.0,25.0,18.2,60.0,18.2,31.3,0.0,25.0,0.0,0.0,20.0,20.0,37.5,26.9
09/03/2017,Spurs,Domantas Sabonis,20:19,20.5,17.6,21.6,0.0,11.1,0.0,0.0,0.0,13.3,10.5,20.0,16.7,0.0,100,40.0,45.5,0.0,15.4
09/03/2017,Spurs,Semaj Christon,18:54,0.0,0.0,0.0,0.0,0.0,0.0,0.0,0.0,6.7,5.0,33.3,0.0,66.7,0.0,0.0,9.1,20.0,0.0
09/03/2017,Spurs,Doug McDermott,21:31,24.0,29.4,27.8,50.0,50.0,0.0,0.0,0.0,0.0,0.0,8.3,0.0,0.0,0.0,25.0,8.3,0.0,26.8
09/03/2017,Spurs,Jerami Grant,01:49,0.0,0.0,0.0,0.0,0.0,0.0,0.0,0.0,33.3,25.0,0.0,0.0,0.0,0.0,0.0,100,0.0,0.0
07/03/2017,Blazers,Andre Roberson,35:07:00,9.7,13.3,12.1,20.0,30.8,0.0,0.0,28.6,19.0,21.4,0.0,7.1,0.0,0.0,0.0,20.0,0.0,11.0
07/03/2017,Blazers,Domantas Sabonis,20:47,18.4,16.7,20.0,0.0,11.1,22.2,14.3,20.0,21.4,21.1,0.0,14.3,0.0,0.0,66.7,10.0,10.0,16.7
07/03/2017,Blazers,Steven Adams,28:31:00,4.7,3.7,2.0,0.0,0.0,11.1,20.0,0.0,21.4,15.0,0.0,0.0,0.0,0.0,0.0,16.7,26.7,5.1
07/03/2017,Blazers,Victor Oladipo,25:26:00,17.3,19.2,19.6,57.1,35.7,10.5,8.0,0.0,38.5,25.0,0.0,16.7,0.0,0.0,0.0,21.4,5.9,20.5
07/03/2017,Blazers,Russell Westbrook,35:56:00,56.7,58.3,60.9,33.3,50.0,56.5,53.3,12.5,10.0,10.7,81.8,36.4,75.0,100,50.0,19.0,47.4,55.8
07/03/2017,Blazers,Enes Kanter,17:52,24.3,31.3,19.4,0.0,0.0,11.1,11.1,66.7,50.0,53.8,14.3,50.0,0.0,0.0,0.0,16.7,12.5,24.4
07/03/2017,Blazers,Taj Gibson,23:23,8.1,4.2,4.2,0.0,0.0,10.0,16.7,50.0,20.0,32.0,9.1,28.6,0.0,0.0,0.0,20.0,27.3,4.8
07/03/2017,Blazers,Doug McDermott,13:44,5.9,0.0,4.2,0.0,0.0,25.0,22.2,0.0,0.0,0.0,12.5,0.0,0.0,0.0,0.0,33.3,20.0,4.4
07/03/2017,Blazers,Alex Abrines,12:30,16.1,20.0,20.8,50.0,33.3,0.0,0.0,0.0,14.3,9.1,16.7,0.0,0.0,0.0,0.0,33.3,50.0,22.7
07/03/2017,Blazers,Norris Cole,05:58,33.3,20.0,22.2,0.0,0.0,0.0,0.0,0.0,0.0,0.0,33.3,66.7,0.0,0.0,0.0,0.0,50.0,20.0
07/03/2017,Blazers,Jerami Grant,11:06,16.0,16.7,15.8,33.3,22.2,0.0,0.0,0.0,0.0,0.0,0.0,16.7,0.0,0.0,0.0,0.0,0.0,20.0
07/03/2017,Blazers,Semaj Christon,09:40,17.2,0.0,16.7,0.0,16.7,0.0,0.0,25.0,14.3,18.2,100,25.0,50.0,0.0,50.0,40.0,0.0,0.0
05/03/2017,@Mavericks,Andre Roberson,23:03,9.1,6.3,7.3,0.0,16.7,0.0,0.0,40.0,26.7,32.0,20.0,25.0,0.0,0.0,0.0,33.3,0.0,4.7
05/03/2017,@Mavericks,Domantas Sabonis,19:54,15.5,9.1,15.6,0.0,16.7,11.1,16.7,0.0,43.8,33.3,14.3,14.3,0.0,0.0,0.0,30.0,16.7,9.4
05/03/2017,@Mavericks,Steven Adams,25:09:00,29.7,50.0,25.6,0.0,0.0,27.3,33.3,50.0,9.1,17.9,9.1,44.4,50.0,50.0,0.0,28.6,44.4,43.2
05/03/2017,@Mavericks,Alex Abrines,10:11,12.6,0.0,15.0,0.0,50.0,0.0,0.0,0.0,0.0,0.0,50.0,0.0,0.0,0.0,0.0,50.0,33.3,0.0
05/03/2017,@Mavericks,Russell Westbrook,34:01:00,38.4,33.3,41.4,100,52.6,57.9,52.0,0.0,27.3,18.2,33.3,9.1,66.7,50.0,0.0,30.8,50.0,42.0
05/03/2017,@Mavericks,Taj Gibson,23:25,13.7,13.3,12.8,0.0,0.0,18.2,17.6,0.0,10.5,8.0,12.5,14.3,0.0,0.0,0.0,18.2,23.1,14.3
05/03/2017,@Mavericks,Norris Cole,24:29:00,14.2,11.1,16.3,0.0,33.3,0.0,0.0,0.0,13.6,11.1,22.2,16.7,0.0,0.0,0.0,15.4,0.0,8.5
05/03/2017,@Mavericks,Enes Kanter,18:40,42.0,46.7,38.9,0.0,14.3,22.2,38.5,100,36.4,58.8,25.0,75.0,50.0,0.0,100,20.0,30.0,40.0
05/03/2017,@Mavericks,Doug McDermott,34:57:00,11.5,13.6,15.8,0.0,14.3,0.0,0.0,0.0,14.3,11.1,16.7,0.0,0.0,0.0,0.0,5.3,0.0,10.2
05/03/2017,@Mavericks,Semaj Christon,04:44,0.0,0.0,0.0,0.0,0.0,0.0,0.0,0.0,0.0,0.0,0.0,0.0,0.0,0.0,0.0,0.0,0.0,0.0
05/03/2017,@Mavericks,Jerami Grant,18:32,9.0,7.1,6.3,0.0,0.0,25.0,16.7,0.0,28.6,22.2,14.3,16.7,0.0,0.0,0.0,0.0,11.1,11.1
05/03/2017,@Mavericks,Kyle Singler,02:55,14.5,0.0,0.0,0.0,0.0,0.0,0.0,0.0,0.0,0.0,0.0,100,0.0,0.0,0.0,33.3,0.0,0.0
03/03/2017,@Suns,Andre Roberson,31:24:00,9.9,12.0,9.4,14.3,13.0,4.5,6.9,20.0,8.0,10.0,0.0,14.3,10.0,50.0,0.0,9.1,11.8,10.1
03/03/2017,@Suns,Domantas Sabonis,13:10,19.9,44.4,22.7,100,28.6,20.0,25.0,50.0,22.2,27.3,0.0,0.0,25.0,0.0,0.0,40.0,14.3,44.0
03/03/2017,@Suns,Steven Adams,29:57:00,11.6,12.0,7.3,0.0,0.0,15.8,25.0,42.9,33.3,35.7,12.5,22.2,11.1,33.3,0.0,33.3,25.0,11.8
03/03/2017,@Suns,Alex Abrines,32:31:00,15.1,19.2,19.0,37.5,29.6,0.0,0.0,0.0,4.3,3.4,0.0,7.7,20.0,0.0,25.0,22.2,17.6,16.7
03/03/2017,@Suns,Russell Westbrook,38:05:00,42.1,43.8,41.7,33.3,36.4,65.4,58.1,11.1,50.0,41.5,81.8,28.6,30.0,0.0,50.0,16.0,45.5,48.5
03/03/2017,@Suns,Enes Kanter,22:56,19.0,23.5,20.0,0.0,6.3,27.3,23.1,33.3,16.7,20.8,25.0,11.1,0.0,0.0,25.0,8.3,18.2,22.9
03/03/2017,@Suns,Doug McDermott,35:29:00,10.6,8.0,11.9,0.0,15.4,8.3,6.7,0.0,3.3,2.4,10.0,7.7,0.0,0.0,0.0,4.3,4.5,7.6
03/03/2017,@Suns,Taj Gibson,14:10,22.3,10.0,14.3,0.0,0.0,11.1,16.7,33.3,37.5,36.4,0.0,44.4,50.0,100,25.0,12.5,33.3,9.7
03/03/2017,@Suns,Norris Cole,09:55,36.8,20.0,40.0,0.0,50.0,0.0,0.0,0.0,25.0,16.7,0.0,40.0,0.0,0.0,33.3,80.0,0.0,16.7
03/03/2017,@Suns,Jerami Grant,12:05,24.8,0.0,24.0,0.0,40.0,0.0,0.0,50.0,0.0,14.3,40.0,40.0,33.3,50.0,50.0,41.7,0.0,0.0
03/03/2017,@Suns,Semaj Christon,00:18,0.0,0.0,0.0,0.0,0.0,0.0,0.0,0.0,0.0,0.0,0.0,0.0,50.0,0.0,0.0,0.0,0.0,0.0
02/03/2017,@Blazers,Andre Roberson,30:41:00,4.1,0.0,3.5,0.0,10.0,12.5,12.5,14.3,15.8,15.4,20.0,0.0,28.6,50.0,0.0,16.7,11.1,3.2
02/03/2017,@Blazers,Domantas Sabonis,10:27,8.6,12.5,11.1,0.0,20.0,0.0,0.0,0.0,16.7,14.3,33.3,0.0,0.0,50.0,0.0,14.3,0.0,9.5
02/03/2017,@Blazers,Steven Adams,23:49,11.9,6.7,8.7,0.0,0.0,0.0,0.0,33.3,33.3,33.3,0.0,42.9,25.0,0.0,0.0,29.4,0.0,4.3
02/03/2017,@Blazers,Alex Abrines,09:46,11.5,22.2,13.0,50.0,20.0,0.0,0.0,0.0,0.0,0.0,0.0,0.0,0.0,0.0,0.0,71.4,0.0,27.3
02/03/2017,@Blazers,Russell Westbrook,36:52:00,51.7,48.0,50.7,60.0,57.1,68.2,65.2,18.2,21.7,20.6,50.0,44.4,12.5,14.3,40.0,0.0,66.7,54.9
02/03/2017,@Blazers,Doug McDermott,36:41:00,13.8,16.7,18.8,14.3,28.6,0.0,0.0,8.3,12.5,11.1,14.3,0.0,0.0,0.0,0.0,18.8,5.6,10.6
02/03/2017,@Blazers,Taj Gibson,32:40:00,15.1,25.0,14.8,12.5,4.8,8.7,8.3,27.3,15.0,19.4,25.0,28.6,33.3,40.0,16.7,23.1,7.1,19.0
02/03/2017,@Blazers,Enes Kanter,27:57:00,29.9,30.0,29.5,0.0,0.0,27.3,29.2,33.3,44.4,41.7,0.0,33.3,16.7,0.0,80.0,27.3,28.6,26.5
02/03/2017,@Blazers,Norris Cole,11:14,25.6,20.0,31.3,50.0,50.0,25.0,22.2,0.0,20.0,16.7,66.7,0.0,50.0,0.0,0.0,0.0,14.3,23.3
02/03/2017,@Blazers,Jerami Grant,19:54,6.6,0.0,0.0,0.0,0.0,21.4,25.0,50.0,0.0,8.3,0.0,20.0,25.0,0.0,0.0,20.0,27.3,6.3
28/02/2017,Jazz,Andre Roberson,29:36:00,4.8,4.5,4.4,11.1,7.7,0.0,0.0,0.0,19.0,16.7,0.0,11.1,25.0,0.0,0.0,18.2,0.0,4.5
28/02/2017,Jazz,Domantas Sabonis,11:26,17.2,11.1,22.2,0.0,14.3,0.0,0.0,0.0,10.0,9.1,20.0,0.0,100,0.0,0.0,40.0,0.0,7.4
28/02/2017,Jazz,Steven Adams,26:53:00,14.0,4.8,13.6,0.0,0.0,0.0,14.3,100,20.0,27.3,18.2,16.7,25.0,66.7,66.7,22.2,27.3,3.2
28/02/2017,Jazz,Alex Abrines,26:29:00,7.3,20.0,10.8,37.5,27.3,0.0,0.0,0.0,0.0,0.0,0.0,0.0,0.0,0.0,0.0,27.3,0.0,17.7
28/02/2017,Jazz,Russell Westbrook,38:47:00,50.1,41.9,44.4,42.9,45.0,78.6,63.2,0.0,35.5,31.4,58.8,72.7,0.0,0.0,25.0,8.3,57.1,47.8
28/02/2017,Jazz,Enes Kanter,26:59:00,25.5,29.2,30.0,0.0,0.0,9.1,6.7,75.0,28.6,36.0,7.7,20.0,100,25.0,100,20.0,27.3,22.4
28/02/2017,Jazz,Taj Gibson,26:24:00,12.0,9.5,9.5,0.0,0.0,37.5,28.6,20.0,10.5,12.5,22.2,12.5,0.0,33.3,0.0,33.3,18.2,12.7
28/02/2017,Jazz,Semaj Christon,09:14,5.6,12.5,7.7,0.0,0.0,0.0,0.0,0.0,0.0,0.0,66.7,0.0,0.0,50.0,0.0,20.0,0.0,10.5
28/02/2017,Jazz,Doug McDermott,25:27:00,20.9,28.6,24.4,66.7,54.5,0.0,0.0,0.0,27.8,22.7,7.7,0.0,0.0,0.0,0.0,0.0,0.0,32.0
28/02/2017,Jazz,Jerami Grant,18:46,17.7,16.7,12.1,14.3,20.0,50.0,80.0,0.0,21.4,18.8,9.1,33.3,33.3,25.0,0.0,16.7,33.3,17.8
26/02/2017,Pelicans,Andre Roberson,30:05:00,5.2,14.3,6.7,33.3,8.3,0.0,0.0,0.0,28.6,18.2,0.0,0.0,25.0,0.0,0.0,25.0,0.0,11.8
26/02/2017,Pelicans,Domantas Sabonis,08:19,15.2,25.0,18.8,0.0,50.0,0.0,16.7,0.0,25.0,12.5,0.0,0.0,0.0,0.0,0.0,50.0,50.0,21.1
26/02/2017,Pelicans,Steven Adams,29:19:00,16.0,23.1,17.5,0.0,0.0,5.9,21.7,69.2,4.5,28.6,0.0,0.0,0.0,0.0,0.0,17.6,23.5,18.6
26/02/2017,Pelicans,Alex Abrines,34:59:00,14.7,12.1,17.9,60.0,41.2,9.5,7.4,7.1,7.7,7.5,7.1,0.0,0.0,0.0,100,19.0,5.0,14.1
26/02/2017,Pelicans,Russell Westbrook,36:53:00,46.7,42.4,42.0,50.0,50.0,50.0,41.4,14.3,32.1,26.2,78.6,81.8,25.0,0.0,0.0,9.1,33.3,44.6
26/02/2017,Pelicans,Enes Kanter,23:58,26.5,27.3,20.9,0.0,0.0,44.4,43.5,42.9,33.3,36.0,37.5,40.0,33.3,0.0,0.0,26.7,46.7,29.9
26/02/2017,Pelicans,Doug McDermott,23:25,7.7,4.8,10.0,0.0,10.0,0.0,0.0,0.0,23.8,20.0,10.0,0.0,0.0,0.0,0.0,20.0,0.0,3.6
26/02/2017,Pelicans,Taj Gibson,21:07,22.4,13.3,25.0,0.0,0.0,16.7,13.3,16.7,21.1,20.0,0.0,16.7,0.0,0.0,0.0,16.7,20.0,13.6
26/02/2017,Pelicans,Semaj Christon,11:07,24.0,11.1,26.3,0.0,40.0,16.7,25.0,0.0,0.0,0.0,0.0,0.0,0.0,0.0,0.0,0.0,20.0,11.5
26/02/2017,Pelicans,Jerami Grant,20:48,11.4,13.3,9.1,0.0,8.3,20.0,15.0,0.0,17.6,14.3,11.1,20.0,33.3,0.0,0.0,27.3,14.3,14.3
24/02/2017,Lakers,Andre Roberson,29:23:00,15.7,25.0,14.3,30.0,15.8,0.0,13.3,22.2,15.6,17.1,4.2,33.3,20.0,0.0,20.0,12.5,14.3,22.4
24/02/2017,Lakers,Domantas Sabonis,23:26,13.1,16.0,14.3,14.3,14.3,0.0,11.1,0.0,11.5,10.0,11.1,0.0,0.0,50.0,0.0,0.0,18.2,14.1
24/02/2017,Lakers,Steven Adams,31:15:00,17.5,21.9,20.0,0.0,0.0,10.0,14.3,50.0,21.2,25.6,20.0,0.0,42.9,66.7,0.0,0.0,18.8,18.1
24/02/2017,Lakers,Alex Abrines,29:12:00,17.6,23.3,21.0,55.6,55.0,0.0,0.0,0.0,9.7,8.1,0.0,0.0,0.0,0.0,0.0,62.5,0.0,24.4
24/02/2017,Lakers,Russell Westbrook,35:16:00,30.3,11.8,24.0,11.1,25.0,80.0,64.3,22.2,43.2,39.1,70.8,54.5,37.5,0.0,33.3,11.1,46.7,19.5
24/02/2017,Lakers,Enes Kanter,18:53,33.3,15.4,34.3,0.0,16.7,0.0,0.0,50.0,20.0,30.4,11.1,40.0,0.0,0.0,100,0.0,0.0,12.9
24/02/2017,Lakers,Taj Gibson,21:14,23.3,35.3,31.0,0.0,0.0,0.0,0.0,10.0,20.0,16.0,11.1,0.0,50.0,0.0,20.0,28.6,33.3,30.8
24/02/2017,Lakers,Semaj Christon,12:44,13.6,0.0,4.5,0.0,0.0,0.0,0.0,0.0,12.5,7.7,50.0,50.0,0.0,50.0,0.0,60.0,0.0,0.0
24/02/2017,Lakers,Doug McDermott,18:48,22.8,21.4,22.9,0.0,50.0,66.7,50.0,25.0,14.3,18.2,0.0,18.2,0.0,0.0,0.0,16.7,33.3,25.0
24/02/2017,Lakers,Jerami Grant,19:49,7.0,23.1,8.1,0.0,0.0,100,50.0,0.0,14.3,10.5,0.0,0.0,25.0,50.0,0.0,16.7,20.0,25.0
15/02/2017,Knicks,Andre Roberson,33:45:00,12.0,10.0,12.7,11.1,6.3,16.7,16.0,18.2,20.8,20.0,0.0,0.0,25.0,0.0,37.5,50.0,18.8,11.5
15/02/2017,Knicks,Domantas Sabonis,23:31,13.9,13.6,16.7,0.0,11.1,0.0,0.0,25.0,15.8,18.5,0.0,0.0,20.0,0.0,12.5,60.0,0.0,11.3
15/02/2017,Knicks,Steven Adams,31:24:00,15.4,13.8,15.3,0.0,0.0,18.8,17.4,40.0,17.4,24.2,9.1,14.3,0.0,33.3,28.6,20.0,20.0,13.4
15/02/2017,Knicks,Victor Oladipo,37:07:00,20.9,25.0,24.3,30.0,33.3,0.0,0.0,0.0,12.9,9.5,11.8,18.2,12.5,0.0,18.2,11.1,6.7,21.2
15/02/2017,Knicks,Russell Westbrook,37:44:00,36.7,36.1,30.1,30.0,29.4,56.3,52.0,27.3,37.9,35.0,70.6,75.0,37.5,33.3,10.0,0.0,47.1,38.8
15/02/2017,Knicks,Joffrey Lauvergne,17:19,29.6,27.3,30.8,25.0,20.0,18.2,15.4,0.0,18.2,16.7,0.0,40.0,50.0,0.0,33.3,12.5,10.0,24.3
15/02/2017,Knicks,Anthony Morrow,07:17,11.9,16.7,14.3,33.3,20.0,0.0,0.0,0.0,0.0,0.0,25.0,0.0,0.0,0.0,0.0,0.0,20.0,15.8
15/02/2017,Knicks,Jerami Grant,24:15:00,11.7,16.7,7.1,33.3,16.7,38.5,44.4,20.0,21.1,20.8,18.2,0.0,25.0,66.7,0.0,22.2,40.0,23.6
15/02/2017,Knicks,Cameron Payne,12:04,27.4,0.0,33.3,0.0,42.9,0.0,0.0,0.0,22.2,20.0,60.0,25.0,0.0,0.0,100,0.0,0.0,0.0
15/02/2017,Knicks,Alex Abrines,15:34,14.1,18.2,18.5,33.3,28.6,0.0,0.0,0.0,8.3,7.7,0.0,0.0,0.0,0.0,0.0,25.0,0.0,16.7
13/02/2017,@Wizards,Andre Roberson,15:41,4.6,0.0,5.7,0.0,6.7,0.0,0.0,0.0,0.0,0.0,0.0,0.0,0.0,0.0,20.0,33.3,0.0,0.0
13/02/2017,@Wizards,Domantas Sabonis,23:26,19.5,18.8,23.9,0.0,33.3,0.0,0.0,37.5,40.0,38.9,25.0,11.1,0.0,0.0,33.3,38.5,0.0,12.8
13/02/2017,@Wizards,Steven Adams,18:55,22.7,20.0,15.9,0.0,0.0,41.7,46.2,63.6,44.4,55.0,0.0,50.0,25.0,100,14.3,20.0,45.5,26.5
13/02/2017,@Wizards,Victor Oladipo,17:55,19.8,14.3,16.7,0.0,25.0,22.2,22.2,20.0,0.0,8.3,0.0,40.0,0.0,0.0,25.0,33.3,12.5,15.4
13/02/2017,@Wizards,Russell Westbrook,24:12:00,36.1,35.7,35.8,0.0,19.0,58.3,53.8,16.7,16.7,16.7,66.7,25.0,50.0,0.0,42.9,0.0,50.0,38.6
13/02/2017,@Wizards,Anthony Morrow,15:45,17.2,22.2,25.8,100,46.2,0.0,0.0,0.0,12.5,6.7,0.0,0.0,25.0,0.0,0.0,0.0,0.0,15.2
13/02/2017,@Wizards,Joffrey Lauvergne,28:51:00,16.0,24.0,13.5,20.0,5.9,30.8,21.1,33.3,16.7,22.2,30.8,28.6,0.0,0.0,0.0,30.0,28.6,25.0
13/02/2017,@Wizards,Cameron Payne,22:55,21.6,26.3,21.4,40.0,26.7,0.0,0.0,0.0,21.4,13.6,20.0,42.9,33.3,0.0,0.0,12.5,9.1,23.1
13/02/2017,@Wizards,Jerami Grant,24:48:00,23.2,17.6,24.0,16.7,22.2,14.3,30.8,16.7,29.4,24.1,36.4,12.5,40.0,50.0,33.3,9.1,20.0,17.0
13/02/2017,@Wizards,Alex Abrines,20:14,15.9,13.3,17.1,40.0,40.0,33.3,25.0,0.0,15.4,8.7,0.0,0.0,50.0,0.0,0.0,33.3,28.6,19.5
13/02/2017,@Wizards,Semaj Christon,10:48,25.5,20.0,25.0,0.0,0.0,0.0,22.2,25.0,12.5,16.7,0.0,33.3,0.0,0.0,0.0,50.0,16.7,15.4
13/02/2017,@Wizards,Kyle Singler,16:30,11.1,14.3,10.0,0.0,0.0,50.0,33.3,16.7,20.0,18.8,16.7,0.0,20.0,0.0,0.0,0.0,33.3,18.2
11/02/2017,Warriors,Andre Roberson,33:38:00,12.7,10.3,14.5,0.0,13.6,0.0,0.0,41.7,25.0,30.6,7.7,16.7,20.0,50.0,0.0,25.0,0.0,7.1
11/02/2017,Warriors,Domantas Sabonis,25:37:00,16.6,13.0,17.1,0.0,10.0,20.0,22.2,33.3,15.0,17.4,21.4,10.0,25.0,50.0,66.7,0.0,23.1,14.3
11/02/2017,Warriors,Steven Adams,35:09:00,12.8,18.8,13.6,0.0,0.0,4.5,20.0,20.0,4.8,9.7,0.0,0.0,20.0,16.7,0.0,6.3,23.5,14.3
11/02/2017,Warriors,Victor Oladipo,34:40:00,21.5,27.3,25.0,33.3,23.5,0.0,0.0,20.0,15.8,16.7,23.5,23.1,16.7,0.0,0.0,23.5,6.7,22.7
11/02/2017,Warriors,Russell Westbrook,37:09:00,47.2,43.8,38.2,60.0,43.5,72.7,60.0,8.3,40.0,29.7,53.3,78.6,20.0,0.0,0.0,29.4,58.8,51.6
11/02/2017,Warriors,Anthony Morrow,16:39,13.3,9.1,17.2,50.0,25.0,15.4,14.3,14.3,0.0,5.6,0.0,0.0,33.3,0.0,0.0,14.3,12.5,13.5
11/02/2017,Warriors,Jerami Grant,22:50,13.8,11.8,14.6,0.0,15.4,23.5,19.0,14.3,33.3,26.3,22.2,0.0,0.0,42.9,0.0,21.4,16.7,14.8
11/02/2017,Warriors,Alex Abrines,09:04,4.5,0.0,0.0,0.0,0.0,50.0,50.0,0.0,0.0,0.0,0.0,0.0,100,0.0,0.0,0.0,33.3,12.5
11/02/2017,Warriors,Cameron Payne,09:06,15.3,0.0,15.4,0.0,0.0,0.0,0.0,0.0,20.0,20.0,20.0,25.0,0.0,0.0,50.0,80.0,0.0,0.0
11/02/2017,Warriors,Nick Collison,01:33,0.0,0.0,0.0,0.0,0.0,0.0,0.0,0.0,0.0,0.0,0.0,0.0,0.0,0.0,0.0,0.0,0.0,0.0
11/02/2017,Warriors,Joffrey Lauvergne,09:26,20.1,28.6,21.4,0.0,25.0,0.0,0.0,0.0,37.5,30.0,33.3,20.0,0.0,0.0,0.0,0.0,0.0,23.5
11/02/2017,Warriors,Semaj Christon,05:09,9.2,0.0,14.3,0.0,50.0,0.0,0.0,0.0,0.0,0.0,0.0,0.0,0.0,0.0,0.0,50.0,0.0,0.0
09/02/2017,Cavaliers,Andre Roberson,41:28:00,8.8,9.3,8.8,0.0,5.0,0.0,10.0,12.5,16.1,14.9,5.0,8.3,16.7,40.0,16.7,18.8,18.2,8.0
09/02/2017,Cavaliers,Domantas Sabonis,20:34,18.2,22.2,20.0,0.0,12.5,0.0,0.0,0.0,11.8,8.7,0.0,14.3,0.0,0.0,0.0,36.4,0.0,18.6
09/02/2017,Cavaliers,Steven Adams,39:13:00,19.2,22.0,16.7,0.0,0.0,25.0,27.3,69.2,14.8,32.5,5.3,33.3,11.1,40.0,25.0,16.7,20.0,20.8
09/02/2017,Cavaliers,Victor Oladipo,36:00:00,20.4,24.3,21.5,33.3,37.5,60.0,57.1,0.0,26.9,17.9,17.6,0.0,40.0,0.0,0.0,14.3,37.5,27.1
09/02/2017,Cavaliers,Russell Westbrook,35:23:00,39.0,31.4,36.0,40.0,35.3,50.0,38.5,9.1,45.8,34.3,64.7,58.3,66.7,0.0,50.0,23.5,30.0,34.1
09/02/2017,Cavaliers,Anthony Morrow,08:08,29.6,37.5,38.9,100,62.5,0.0,0.0,0.0,33.3,25.0,0.0,0.0,0.0,0.0,0.0,0.0,16.7,31.8
09/02/2017,Cavaliers,Alex Abrines,09:26,7.6,9.1,9.1,0.0,12.5,0.0,0.0,0.0,20.0,12.5,60.0,0.0,20.0,0.0,0.0,22.2,0.0,7.7
09/02/2017,Cavaliers,Cameron Payne,12:37,36.4,40.0,38.7,100,50.0,0.0,0.0,0.0,10.0,6.3,28.6,0.0,25.0,0.0,0.0,50.0,25.0,45.5
09/02/2017,Cavaliers,Joffrey Lauvergne,20:31,14.2,9.1,16.0,0.0,12.5,0.0,0.0,37.5,6.7,17.4,27.3,0.0,0.0,0.0,50.0,0.0,25.0,7.5
09/02/2017,Cavaliers,Jerami Grant,16:40,4.8,5.0,5.7,0.0,0.0,0.0,0.0,28.6,0.0,12.5,0.0,0.0,0.0,33.3,25.0,22.2,0.0,4.3
06/02/2017,@Pacers,Andre Roberson,35:40:00,13.1,20.0,11.9,0.0,0.0,7.7,15.8,16.7,25.0,22.0,8.3,18.2,40.0,25.0,28.6,13.3,13.3,16.2
06/02/2017,@Pacers,Domantas Sabonis,10:20,4.2,0.0,5.6,0.0,0.0,0.0,0.0,25.0,10.0,14.3,33.3,0.0,0.0,0.0,0.0,66.7,0.0,0.0
06/02/2017,@Pacers,Steven Adams,36:59:00,20.5,25.0,18.8,0.0,0.0,20.0,20.0,41.2,6.1,18.0,15.4,33.3,0.0,11.1,25.0,18.8,40.0,21.4
06/02/2017,@Pacers,Victor Oladipo,36:07:00,23.7,15.4,23.5,0.0,25.0,50.0,37.5,0.0,16.7,11.9,15.4,12.5,20.0,11.1,22.2,20.0,36.4,20.0
06/02/2017,@Pacers,Russell Westbrook,37:07:00,36.8,38.5,38.6,57.1,41.7,23.1,22.2,11.8,47.1,35.3,69.2,36.4,20.0,22.2,25.0,17.6,21.4,37.5
06/02/2017,@Pacers,Anthony Morrow,13:57,8.5,0.0,12.0,0.0,50.0,0.0,0.0,0.0,15.4,10.5,0.0,0.0,100,0.0,0.0,0.0,0.0,0.0
06/02/2017,@Pacers,Joffrey Lauvergne,20:23,15.1,16.7,12.2,0.0,11.1,50.0,40.0,22.2,26.7,25.0,0.0,22.2,0.0,0.0,16.7,0.0,25.0,17.9
06/02/2017,@Pacers,Jerami Grant,28:18:00,13.9,15.0,14.6,16.7,15.0,12.5,18.2,30.0,4.2,11.8,0.0,9.1,25.0,71.4,25.0,30.8,11.1,14.8
06/02/2017,@Pacers,Cameron Payne,13:26,19.8,10.0,17.4,0.0,20.0,0.0,0.0,20.0,20.0,20.0,40.0,33.3,0.0,0.0,0.0,33.3,0.0,9.1
06/02/2017,@Pacers,Alex Abrines,07:44,31.5,50.0,36.4,66.7,66.7,0.0,0.0,50.0,0.0,16.7,0.0,25.0,0.0,0.0,0.0,50.0,0.0,46.2
05/02/2017,Blazers,Andre Roberson,35:32:00,10.0,19.4,11.4,0.0,7.1,11.1,8.3,20.0,33.3,29.7,7.7,0.0,37.5,0.0,33.3,28.6,11.1,17.1
05/02/2017,Blazers,Domantas Sabonis,34:08:00,8.1,0.0,8.7,0.0,8.3,14.3,11.1,7.7,19.4,15.9,0.0,0.0,0.0,50.0,0.0,11.1,14.3,2.7
05/02/2017,Blazers,Steven Adams,37:51:00,15.1,9.7,14.3,0.0,0.0,5.6,16.0,60.0,14.3,30.2,8.3,20.0,25.0,0.0,0.0,14.3,15.0,8.5
05/02/2017,Blazers,Victor Oladipo,38:33:00,27.0,25.0,23.4,25.0,28.6,38.9,39.1,0.0,37.5,25.0,21.4,44.4,33.3,40.0,50.0,25.0,36.8,27.9
05/02/2017,Blazers,Russell Westbrook,35:10:00,48.9,53.3,49.3,50.0,42.9,50.0,45.8,10.0,11.1,10.8,66.7,50.0,0.0,0.0,33.3,21.4,27.8,52.5
05/02/2017,Blazers,Joffrey Lauvergne,17:23,17.7,20.0,16.2,50.0,25.0,0.0,0.0,80.0,31.3,42.9,25.0,33.3,0.0,0.0,0.0,40.0,16.7,20.0
05/02/2017,Blazers,Anthony Morrow,18:58,13.5,16.7,16.3,33.3,18.2,0.0,0.0,0.0,0.0,0.0,9.1,0.0,50.0,0.0,0.0,0.0,16.7,15.2
05/02/2017,Blazers,Cameron Payne,14:47,15.5,0.0,19.4,0.0,50.0,0.0,0.0,0.0,0.0,0.0,33.3,0.0,0.0,50.0,50.0,20.0,20.0,0.0
05/02/2017,Blazers,Jerami Grant,07:38,9.7,33.3,11.8,0.0,0.0,0.0,0.0,0.0,0.0,0.0,0.0,0.0,0.0,0.0,0.0,0.0,0.0,16.7
03/02/2017,Grizzlies,Andre Roberson,20:20,10.1,20.0,15.6,0.0,16.7,0.0,0.0,20.0,21.4,21.1,0.0,0.0,16.7,100,0.0,11.1,9.1,13.6
03/02/2017,Grizzlies,Domantas Sabonis,11:13,36.2,16.7,28.6,0.0,50.0,0.0,0.0,0.0,11.1,9.1,0.0,50.0,0.0,0.0,0.0,28.6,33.3,16.7
03/02/2017,Grizzlies,Steven Adams,44:06:00,17.8,19.4,17.1,0.0,0.0,8.7,20.7,62.5,6.9,26.7,10.0,18.8,14.3,66.7,25.0,21.1,32.0,14.8
03/02/2017,Grizzlies,Victor Oladipo,34:32:00,17.3,11.5,24.6,14.3,29.4,0.0,0.0,0.0,12.5,8.3,23.1,0.0,28.6,0.0,100,22.2,5.0,9.1
03/02/2017,Grizzlies,Russell Westbrook,37:39:00,35.0,25.0,30.3,41.7,29.2,77.3,63.0,14.3,40.7,31.7,60.0,33.3,42.9,0.0,33.3,12.5,47.6,38.8
03/02/2017,Grizzlies,Anthony Morrow,19:22,18.3,26.3,20.0,33.3,28.6,16.7,13.3,14.3,0.0,5.6,0.0,14.3,0.0,0.0,33.3,42.9,18.2,25.4
03/02/2017,Grizzlies,Joffrey Lauvergne,28:57:00,14.6,23.1,13.0,27.3,20.0,4.2,6.9,8.3,41.2,27.6,13.3,37.5,0.0,0.0,0.0,27.3,4.8,18.4
03/02/2017,Grizzlies,Jerami Grant,13:50,19.3,10.0,14.3,0.0,0.0,25.0,25.0,0.0,20.0,11.1,0.0,33.3,0.0,0.0,0.0,0.0,12.5,11.1
03/02/2017,Grizzlies,Nick Collison,11:09,12.2,0.0,0.0,0.0,0.0,66.7,66.7,50.0,33.3,37.5,50.0,16.7,0.0,0.0,0.0,40.0,28.6,11.1
03/02/2017,Grizzlies,Cameron Payne,18:52,16.2,30.8,22.6,25.0,25.0,0.0,0.0,0.0,7.7,5.3,14.3,0.0,0.0,0.0,0.0,0.0,7.7,22.5
01/02/2017,Bulls,Andre Roberson,30:07:00,8.0,8.7,7.7,14.3,14.3,0.0,0.0,0.0,40.0,27.3,9.1,14.3,0.0,66.7,0.0,16.7,0.0,8.3
01/02/2017,Bulls,Domantas Sabonis,22:21,20.4,5.9,20.4,0.0,11.8,0.0,0.0,20.0,30.8,27.8,0.0,20.0,0.0,0.0,0.0,40.0,25.0,5.1
01/02/2017,Bulls,Steven Adams,29:19:00,12.2,14.3,11.3,0.0,0.0,28.6,25.0,42.9,21.4,28.6,0.0,14.3,0.0,0.0,50.0,8.3,41.7,14.3
01/02/2017,Bulls,Victor Oladipo,24:40:00,26.3,27.8,28.0,25.0,37.5,20.0,16.7,40.0,20.0,25.0,0.0,16.7,25.0,0.0,0.0,45.5,0.0,26.7
01/02/2017,Bulls,Russell Westbrook,29:25:00,40.8,43.5,37.7,25.0,26.9,75.0,80.0,14.3,28.6,23.8,80.0,42.9,100,33.3,50.0,9.1,38.5,45.2
01/02/2017,Bulls,Anthony Morrow,24:13:00,19.1,15.8,22.4,25.0,33.3,0.0,0.0,16.7,0.0,5.3,12.5,0.0,0.0,0.0,0.0,18.8,20.0,13.5
01/02/2017,Bulls,Joffrey Lauvergne,13:59,15.2,8.3,12.5,50.0,22.2,8.3,14.3,0.0,14.3,11.1,20.0,50.0,25.0,100,0.0,12.5,14.3,10.5
01/02/2017,Bulls,Jerami Grant,19:51,20.8,29.4,20.0,33.3,33.3,57.1,44.4,0.0,8.3,6.3,0.0,0.0,25.0,0.0,0.0,16.7,37.5,34.1
01/02/2017,Bulls,Cameron Payne,19:25,21.8,18.8,25.0,33.3,16.7,0.0,0.0,0.0,0.0,0.0,62.5,0.0,25.0,0.0,0.0,8.3,14.3,16.7
01/02/2017,Bulls,Semaj Christon,13:12,18.2,15.4,16.7,25.0,18.2,0.0,0.0,25.0,25.0,25.0,0.0,50.0,0.0,0.0,0.0,50.0,0.0,15.6
01/02/2017,Bulls,Kyle Singler,03:09,0.0,0.0,0.0,0.0,0.0,0.0,0.0,0.0,0.0,0.0,0.0,0.0,0.0,0.0,0.0,50.0,0.0,0.0
01/02/2017,Bulls,Nick Collison,03:26,0.0,0.0,0.0,0.0,0.0,0.0,0.0,0.0,0.0,0.0,0.0,0.0,0.0,0.0,0.0,0.0,0.0,0.0
01/02/2017,Bulls,Josh Huestis,06:53,23.5,42.9,25.0,50.0,40.0,0.0,0.0,100,40.0,57.1,25.0,0.0,0.0,0.0,0.0,0.0,0.0,43.8
29/01/2017,@Cavaliers,Andre Roberson,23:25,8.0,10.5,10.0,0.0,18.2,0.0,0.0,9.1,19.0,15.6,0.0,0.0,50.0,0.0,0.0,16.7,14.3,9.3
29/01/2017,@Cavaliers,Domantas Sabonis,25:36:00,20.7,30.0,21.4,0.0,23.1,0.0,0.0,18.2,13.0,14.7,0.0,20.0,0.0,0.0,0.0,8.3,0.0,27.3
29/01/2017,@Cavaliers,Steven Adams,27:08:00,11.6,14.3,7.0,0.0,0.0,16.7,11.1,18.2,36.4,30.3,9.1,33.3,0.0,100,33.3,23.1,18.2,14.0
29/01/2017,@Cavaliers,Victor Oladipo,37:46:00,21.8,18.2,22.8,20.0,21.1,40.0,35.7,10.0,17.6,15.9,22.2,8.3,0.0,0.0,33.3,15.8,18.2,21.0
29/01/2017,@Cavaliers,Russell Westbrook,36:22:00,35.3,24.1,34.2,33.3,31.6,71.4,72.7,38.5,22.6,27.3,62.5,28.6,25.0,25.0,40.0,20.0,61.5,29.4
29/01/2017,@Cavaliers,Joffrey Lauvergne,20:56,27.8,40.0,23.8,0.0,0.0,16.7,22.2,0.0,27.3,25.0,11.1,75.0,0.0,0.0,50.0,0.0,14.3,32.5
29/01/2017,@Cavaliers,Jerami Grant,25:03:00,13.2,15.8,16.0,40.0,31.3,0.0,0.0,50.0,15.8,19.0,7.7,0.0,33.3,33.3,0.0,57.1,11.1,16.0
29/01/2017,@Cavaliers,Alex Abrines,07:40,5.0,0.0,5.9,0.0,20.0,0.0,0.0,0.0,0.0,0.0,50.0,0.0,0.0,0.0,0.0,0.0,0.0,0.0
29/01/2017,@Cavaliers,Cameron Payne,20:18,23.8,21.4,26.8,40.0,21.4,0.0,0.0,0.0,25.0,23.5,20.0,16.7,66.7,50.0,33.3,33.3,14.3,20.5
29/01/2017,@Cavaliers,Kyle Singler,15:46,15.4,9.1,15.6,0.0,25.0,0.0,0.0,50.0,6.3,11.1,0.0,33.3,0.0,0.0,0.0,20.0,0.0,6.5
26/01/2017,Mavericks,Andre Roberson,29:15:00,10.3,0.0,6.8,0.0,14.3,14.3,28.6,25.0,29.2,28.6,25.0,9.1,20.0,0.0,0.0,23.1,17.6,2.8
26/01/2017,Mavericks,Domantas Sabonis,29:03:00,11.8,13.6,9.1,33.3,9.1,15.8,14.8,0.0,25.0,19.2,0.0,20.0,16.7,0.0,0.0,27.3,15.0,15.2
26/01/2017,Mavericks,Steven Adams,36:41:00,13.0,15.2,12.1,0.0,0.0,21.7,19.4,50.0,13.3,19.4,0.0,10.0,0.0,0.0,0.0,25.0,30.4,15.6
26/01/2017,Mavericks,Victor Oladipo,36:00:00,21.9,21.9,24.6,14.3,23.5,13.3,9.5,0.0,12.0,10.3,33.3,18.2,50.0,0.0,0.0,16.7,5.6,19.8
26/01/2017,Mavericks,Russell Westbrook,35:10:00,48.7,53.3,53.7,66.7,53.3,42.9,37.9,16.7,24.1,22.9,33.3,36.4,40.0,0.0,100,16.7,36.4,51.7
26/01/2017,Mavericks,Alex Abrines,16:23,10.6,12.5,13.0,33.3,33.3,15.4,11.8,0.0,0.0,0.0,20.0,0.0,0.0,0.0,0.0,0.0,11.1,15.6
26/01/2017,Mavericks,Enes Kanter,09:03,40.7,25.0,30.0,0.0,0.0,40.0,57.1,100,42.9,50.0,66.7,50.0,0.0,100,0.0,50.0,50.0,26.7
26/01/2017,Mavericks,Cameron Payne,12:50,22.2,28.6,22.2,66.7,28.6,0.0,0.0,0.0,0.0,0.0,0.0,33.3,0.0,0.0,0.0,0.0,0.0,27.3
26/01/2017,Mavericks,Joffrey Lauvergne,06:48,31.3,33.3,37.5,0.0,50.0,33.3,20.0,0.0,0.0,0.0,0.0,25.0,0.0,0.0,0.0,0.0,33.3,30.0
26/01/2017,Mavericks,Jerami Grant,21:30,2.2,6.7,3.0,0.0,0.0,0.0,0.0,33.3,46.2,43.8,33.3,0.0,0.0,50.0,0.0,50.0,0.0,4.2
26/01/2017,Mavericks,Kyle Singler,07:17,6.7,0.0,9.1,0.0,33.3,0.0,0.0,0.0,14.3,14.3,0.0,0.0,0.0,0.0,0.0,0.0,0.0,0.0
25/01/2017,@Pelicans,Andre Roberson,27:40:00,7.5,17.4,10.2,0.0,5.3,0.0,0.0,12.5,10.7,11.1,7.7,0.0,33.3,33.3,0.0,0.0,0.0,12.5
25/01/2017,@Pelicans,Domantas Sabonis,28:17:00,13.0,14.3,14.6,0.0,11.8,0.0,6.3,25.0,21.7,22.2,0.0,10.0,0.0,0.0,0.0,36.4,14.3,10.5
25/01/2017,@Pelicans,Steven Adams,31:40:00,26.3,36.0,26.3,0.0,0.0,14.3,20.0,55.6,18.8,26.8,21.4,30.8,33.3,36.4,50.0,18.2,35.7,28.6
25/01/2017,@Pelicans,Victor Oladipo,35:20:00,15.5,15.2,16.2,42.9,33.3,15.4,16.7,0.0,11.4,8.9,10.0,10.0,40.0,22.2,20.0,7.1,14.3,17.4
25/01/2017,@Pelicans,Russell Westbrook,35:40:00,39.5,24.1,33.8,57.1,42.9,60.0,57.1,11.1,32.4,27.9,62.5,53.3,25.0,10.0,33.3,20.0,29.4,33.8
25/01/2017,@Pelicans,Enes Kanter,20:43,28.8,30.0,28.9,0.0,0.0,45.5,35.7,42.9,47.1,45.8,18.2,20.0,0.0,0.0,33.3,11.1,45.5,30.9
25/01/2017,@Pelicans,Alex Abrines,18:29,11.4,22.2,13.9,50.0,25.0,10.0,7.7,0.0,0.0,0.0,0.0,0.0,50.0,50.0,0.0,60.0,0.0,22.0
25/01/2017,@Pelicans,Cameron Payne,12:20,19.9,15.4,23.1,33.3,50.0,0.0,0.0,0.0,0.0,0.0,37.5,0.0,0.0,0.0,33.3,33.3,33.3,14.7
25/01/2017,@Pelicans,Joffrey Lauvergne,09:47,19.4,12.5,22.7,0.0,50.0,0.0,0.0,0.0,28.6,20.0,33.3,0.0,0.0,0.0,33.3,0.0,16.7,11.1
25/01/2017,@Pelicans,Jerami Grant,20:04,7.6,0.0,5.1,0.0,11.1,12.5,18.2,25.0,23.5,23.8,16.7,14.3,0.0,0.0,0.0,60.0,9.1,2.7
23/01/2017,@Jazz,Andre Roberson,31:19:00,8.3,16.0,10.0,0.0,13.3,0.0,0.0,12.5,41.7,34.4,14.3,0.0,0.0,0.0,0.0,20.0,0.0,12.5
23/01/2017,@Jazz,Domantas Sabonis,18:06,16.4,0.0,15.6,0.0,33.3,0.0,0.0,0.0,23.1,20.0,22.2,50.0,0.0,0.0,0.0,20.0,0.0,0.0
23/01/2017,@Jazz,Steven Adams,37:18:00,15.2,13.3,14.5,0.0,0.0,7.1,11.8,37.5,10.3,16.2,6.7,25.0,0.0,66.7,28.6,10.5,7.7,11.4
23/01/2017,@Jazz,Victor Oladipo,30:19:00,18.7,29.6,21.6,25.0,12.5,7.1,13.3,20.0,13.6,14.8,8.3,0.0,50.0,0.0,0.0,33.3,10.0,25.0
23/01/2017,@Jazz,Russell Westbrook,36:14:00,52.1,37.9,44.6,60.0,53.8,100,100,12.5,35.7,30.6,66.7,66.7,66.7,20.0,40.0,15.0,83.3,50.0
23/01/2017,@Jazz,Enes Kanter,29:18:00,16.1,22.7,18.0,0.0,0.0,28.6,20.0,33.3,12.5,16.7,0.0,0.0,0.0,0.0,40.0,23.1,28.6,22.2
23/01/2017,@Jazz,Jerami Grant,19:17,7.6,7.7,10.7,0.0,14.3,0.0,0.0,0.0,13.3,13.3,33.3,0.0,0.0,50.0,0.0,12.5,11.1,5.3
23/01/2017,@Jazz,Alex Abrines,13:19,13.1,12.5,16.7,50.0,44.4,0.0,0.0,0.0,7.7,6.7,0.0,0.0,0.0,0.0,0.0,16.7,20.0,12.5
23/01/2017,@Jazz,Cameron Payne,13:45,21.0,28.6,27.3,100,37.5,0.0,0.0,0.0,11.1,10.0,0.0,0.0,0.0,0.0,50.0,40.0,0.0,26.3
23/01/2017,@Jazz,Joffrey Lauvergne,11:05,4.7,0.0,0.0,0.0,0.0,0.0,0.0,0.0,12.5,12.5,0.0,25.0,0.0,0.0,0.0,25.0,0.0,0.0
18/01/2017,@Warriors,Andre Roberson,33:38:00,10.6,3.7,10.8,0.0,13.6,12.5,18.2,12.5,4.8,6.9,6.3,7.1,0.0,0.0,60.0,5.6,9.1,4.5
18/01/2017,@Warriors,Domantas Sabonis,15:04,10.6,18.2,10.7,25.0,10.0,0.0,0.0,0.0,20.0,14.3,0.0,14.3,20.0,0.0,0.0,20.0,0.0,16.7
18/01/2017,@Warriors,Jerami Grant,29:07:00,13.8,9.1,14.5,0.0,11.8,42.9,44.4,12.5,0.0,5.0,7.7,0.0,16.7,50.0,0.0,30.8,22.2,12.5
18/01/2017,@Warriors,Victor Oladipo,36:33:00,21.0,27.6,25.0,66.7,38.1,0.0,0.0,12.5,9.5,10.3,11.1,12.5,50.0,25.0,20.0,11.1,15.4,26.3
18/01/2017,@Warriors,Russell Westbrook,35:14:00,42.7,27.6,34.3,14.3,28.6,83.3,73.3,50.0,57.9,55.6,76.5,66.7,25.0,50.0,20.0,26.3,54.5,35.1
18/01/2017,@Warriors,Enes Kanter,29:44:00,28.5,42.3,31.6,0.0,0.0,0.0,0.0,55.6,36.4,45.0,6.7,27.3,20.0,0.0,60.0,25.0,10.0,32.4
18/01/2017,@Warriors,Cameron Payne,25:29:00,16.1,15.0,17.0,25.0,35.7,18.2,16.7,0.0,8.3,5.3,28.6,11.1,0.0,25.0,0.0,22.2,22.2,16.4
18/01/2017,@Warriors,Alex Abrines,13:40,3.0,9.1,4.0,0.0,0.0,0.0,0.0,0.0,33.3,12.5,0.0,0.0,33.3,0.0,0.0,25.0,33.3,6.5
18/01/2017,@Warriors,Anthony Morrow,04:21,11.1,0.0,14.3,0.0,50.0,0.0,0.0,0.0,0.0,0.0,50.0,0.0,33.3,0.0,0.0,50.0,0.0,0.0
18/01/2017,@Warriors,Kyle Singler,17:10,10.6,18.2,12.9,33.3,20.0,0.0,0.0,16.7,16.7,16.7,0.0,0.0,0.0,0.0,0.0,16.7,0.0,16.1
16/01/2017,@Clippers,Andre Roberson,26:17:00,7.9,9.1,10.0,16.7,22.2,0.0,0.0,12.5,28.6,22.7,10.0,0.0,0.0,0.0,0.0,12.5,0.0,9.1
16/01/2017,@Clippers,Domantas Sabonis,27:12:00,15.0,18.2,14.0,22.2,16.7,0.0,0.0,0.0,0.0,0.0,30.8,33.3,25.0,0.0,50.0,42.9,10.0,16.7
16/01/2017,@Clippers,Jerami Grant,33:43:00,7.9,12.0,6.6,50.0,15.0,0.0,0.0,20.0,33.3,30.8,8.3,22.2,0.0,75.0,0.0,0.0,11.1,13.4
16/01/2017,@Clippers,Victor Oladipo,24:21:00,21.1,16.7,25.0,0.0,11.8,0.0,0.0,0.0,25.0,16.7,30.0,11.1,33.3,0.0,50.0,14.3,0.0,12.2
16/01/2017,@Clippers,Russell Westbrook,29:17:00,40.1,31.8,36.5,33.3,38.9,80.0,75.0,16.7,26.7,23.8,33.3,40.0,28.6,0.0,25.0,25.0,55.6,40.0
16/01/2017,@Clippers,Enes Kanter,22:34,26.1,33.3,27.0,0.0,8.3,18.2,16.7,60.0,16.7,29.4,20.0,27.3,33.3,50.0,25.0,0.0,25.0,28.6
16/01/2017,@Clippers,Alex Abrines,13:32,20.9,10.0,17.4,0.0,11.1,50.0,60.0,0.0,0.0,0.0,33.3,20.0,33.3,0.0,0.0,80.0,40.0,15.4
16/01/2017,@Clippers,Joffrey Lauvergne,29:46:00,23.5,21.7,26.9,14.3,21.1,16.7,21.4,75.0,37.5,45.0,7.7,0.0,20.0,0.0,0.0,0.0,33.3,20.0
16/01/2017,@Clippers,Cameron Payne,21:18,23.6,25.0,23.7,0.0,30.8,0.0,0.0,0.0,0.0,0.0,25.0,40.0,33.3,0.0,33.3,37.5,0.0,18.6
16/01/2017,@Clippers,Anthony Morrow,05:11,17.3,25.0,11.1,100,100,100,100,0.0,0.0,0.0,0.0,0.0,0.0,0.0,0.0,100,50.0,45.5
16/01/2017,@Clippers,Kyle Singler,06:49,7.8,33.3,11.1,0.0,0.0,0.0,0.0,0.0,20.0,20.0,0.0,0.0,0.0,0.0,0.0,0.0,0.0,16.7
15/01/2017,@Kings,Andre Roberson,27:13:00,11.4,0.0,12.2,0.0,16.7,7.1,19.0,45.5,0.0,20.0,10.0,0.0,42.9,100,0.0,7.1,18.8,1.6
15/01/2017,@Kings,Domantas Sabonis,27:40:00,15.1,12.5,17.4,0.0,23.5,6.7,10.5,0.0,20.0,15.0,8.3,9.1,0.0,0.0,0.0,33.3,6.7,10.1
15/01/2017,@Kings,Steven Adams,19:36,16.4,18.8,14.0,0.0,0.0,0.0,0.0,8.3,27.3,17.4,12.5,42.9,20.0,0.0,0.0,14.3,0.0,14.0
15/01/2017,@Kings,Victor Oladipo,39:40:00,18.9,22.6,19.7,14.3,29.2,29.6,25.0,0.0,4.3,3.0,13.3,11.1,18.2,25.0,0.0,13.0,31.8,24.0
15/01/2017,@Kings,Russell Westbrook,35:58:00,35.8,36.7,32.8,100,29.4,37.0,35.5,16.7,45.0,34.4,66.7,50.0,44.4,0.0,25.0,4.5,33.3,39.6
15/01/2017,@Kings,Alex Abrines,17:08,18.5,18.8,13.9,60.0,30.8,36.4,33.3,12.5,22.2,17.6,11.1,28.6,16.7,0.0,0.0,36.4,27.3,27.1
15/01/2017,@Kings,Enes Kanter,32:24:00,29.5,34.5,28.6,0.0,6.7,30.0,32.4,50.0,27.8,37.5,14.3,30.8,9.1,25.0,80.0,23.8,28.6,30.9
15/01/2017,@Kings,Cameron Payne,17:34,14.4,14.3,20.6,0.0,18.8,0.0,0.0,16.7,9.1,11.8,14.3,0.0,28.6,0.0,0.0,33.3,11.1,8.3
15/01/2017,@Kings,Jerami Grant,19:01,3.8,6.7,5.6,25.0,8.3,0.0,0.0,0.0,16.7,11.8,0.0,0.0,0.0,50.0,0.0,16.7,0.0,6.1
15/01/2017,@Kings,Joffrey Lauvergne,03:46,28.2,0.0,37.5,0.0,20.0,0.0,0.0,0.0,50.0,25.0,100,0.0,0.0,0.0,100,66.7,0.0,0.0
13/01/2017,@Timberwolves,Andre Roberson,32:06:00,8.9,12.0,10.2,0.0,0.0,18.2,14.3,0.0,10.0,6.7,6.3,0.0,55.6,100,0.0,21.4,8.3,12.5
13/01/2017,@Timberwolves,Domantas Sabonis,21:15,24.1,16.7,25.6,0.0,33.3,25.0,42.9,14.3,31.3,26.1,0.0,0.0,0.0,0.0,75.0,25.0,22.2,17.1
13/01/2017,@Timberwolves,Steven Adams,32:04:00,8.8,9.1,8.2,0.0,0.0,0.0,0.0,27.3,9.5,15.6,7.7,15.4,22.2,0.0,0.0,26.7,20.0,7.3
13/01/2017,@Timberwolves,Victor Oladipo,32:44:00,25.9,34.8,31.0,100,25.0,20.0,15.4,20.0,14.3,16.1,0.0,7.7,12.5,0.0,33.3,0.0,6.3,33.3
13/01/2017,@Timberwolves,Russell Westbrook,35:37:00,39.9,28.0,33.8,100,62.5,42.9,41.2,25.0,33.3,30.6,80.0,66.7,20.0,0.0,0.0,18.8,33.3,32.3
13/01/2017,@Timberwolves,Alex Abrines,04:13,16.8,0.0,12.5,0.0,0.0,0.0,0.0,0.0,0.0,0.0,0.0,33.3,0.0,0.0,0.0,66.7,0.0,0.0
13/01/2017,@Timberwolves,Enes Kanter,29:44:00,22.0,40.0,20.0,50.0,9.1,33.3,35.7,54.5,10.5,26.7,18.2,23.1,0.0,0.0,33.3,33.3,61.5,38.9
13/01/2017,@Timberwolves,Joffrey Lauvergne,10:02,19.4,0.0,33.3,0.0,0.0,0.0,0.0,50.0,40.0,42.9,50.0,0.0,0.0,0.0,100,0.0,0.0,0.0
13/01/2017,@Timberwolves,Cameron Payne,16:11,21.9,22.2,27.3,0.0,28.6,0.0,0.0,0.0,40.0,26.7,40.0,16.7,0.0,0.0,0.0,20.0,0.0,14.3
13/01/2017,@Timberwolves,Jerami Grant,19:57,1.9,0.0,0.0,0.0,0.0,28.6,25.0,0.0,23.1,15.0,0.0,0.0,0.0,0.0,0.0,22.2,10.0,6.1
13/01/2017,@Timberwolves,Kyle Singler,06:08,8.4,0.0,10.0,0.0,0.0,0.0,0.0,0.0,0.0,0.0,0.0,0.0,0.0,0.0,0.0,0.0,0.0,0.0
11/01/2017,Grizzlies,Andre Roberson,30:56:00,9.2,12.5,9.3,16.7,16.7,5.6,8.7,12.5,24.1,21.6,0.0,9.1,0.0,25.0,0.0,10.0,5.3,11.1
11/01/2017,Grizzlies,Domantas Sabonis,10:48,13.4,0.0,6.3,0.0,0.0,0.0,0.0,0.0,25.0,18.2,20.0,40.0,0.0,0.0,0.0,100,20.0,0.0
11/01/2017,Grizzlies,Steven Adams,38:57:00,14.8,20.7,19.7,0.0,0.0,0.0,3.7,40.0,10.5,16.7,5.6,0.0,33.3,50.0,33.3,15.4,13.0,13.8
11/01/2017,Grizzlies,Victor Oladipo,31:33:00,16.2,21.7,18.5,80.0,36.8,11.1,13.0,0.0,10.3,7.9,14.3,8.3,0.0,0.0,0.0,11.1,10.0,23.2
11/01/2017,Grizzlies,Russell Westbrook,36:58:00,36.3,20.7,30.8,0.0,31.8,52.2,51.7,10.0,33.3,28.3,70.6,50.0,50.0,25.0,33.3,9.1,41.7,27.6
11/01/2017,Grizzlies,Enes Kanter,29:37:00,34.9,34.8,34.6,0.0,11.8,33.3,27.3,50.0,33.3,36.4,25.0,40.0,66.7,0.0,50.0,21.4,27.3,31.1
11/01/2017,Grizzlies,Alex Abrines,16:34,8.5,15.4,11.1,66.7,42.9,0.0,0.0,0.0,0.0,0.0,0.0,0.0,0.0,0.0,0.0,33.3,0.0,16.7
11/01/2017,Grizzlies,Jerami Grant,18:12,18.7,28.6,20.0,50.0,25.0,11.1,9.1,25.0,21.4,22.2,0.0,20.0,0.0,0.0,33.3,12.5,30.0,25.6
11/01/2017,Grizzlies,Cameron Payne,11:02,15.0,14.3,18.8,0.0,25.0,0.0,0.0,0.0,0.0,0.0,25.0,0.0,0.0,0.0,0.0,42.9,50.0,12.5
11/01/2017,Grizzlies,Nick Collison,04:23,11.1,0.0,0.0,0.0,0.0,0.0,0.0,0.0,0.0,0.0,0.0,50.0,0.0,0.0,0.0,0.0,0.0,0.0
11/01/2017,Grizzlies,Joffrey Lauvergne,11:00,16.0,20.0,11.1,0.0,12.5,57.1,50.0,50.0,22.2,27.3,33.3,0.0,0.0,0.0,0.0,40.0,28.6,33.3
09/01/2017,@Bulls,Andre Roberson,32:31:00,8.8,8.6,8.6,40.0,23.5,0.0,0.0,0.0,8.0,7.1,9.1,14.3,20.0,100,0.0,10.0,11.1,9.8
09/01/2017,@Bulls,Domantas Sabonis,21:47,14.3,5.3,13.5,0.0,22.2,100,100,100,20.0,23.8,8.3,0.0,0.0,0.0,0.0,25.0,50.0,11.9
09/01/2017,@Bulls,Steven Adams,36:19:00,19.6,29.7,21.9,0.0,0.0,0.0,0.0,25.0,14.8,16.1,8.3,11.1,0.0,33.3,0.0,0.0,22.2,25.6
09/01/2017,@Bulls,Victor Oladipo,24:39:00,18.7,24.0,20.9,33.3,18.2,0.0,0.0,0.0,10.5,9.5,13.3,14.3,66.7,0.0,100,50.0,0.0,21.7
09/01/2017,@Bulls,Russell Westbrook,33:19:00,33.5,25.7,31.0,25.0,43.8,28.6,37.5,0.0,39.1,34.6,66.7,50.0,20.0,0.0,0.0,18.2,22.2,25.9
09/01/2017,@Bulls,Enes Kanter,27:48:00,22.8,30.0,22.0,0.0,0.0,40.0,37.5,80.0,35.0,44.0,15.8,20.0,33.3,0.0,100,12.5,37.5,28.2
09/01/2017,@Bulls,Alex Abrines,18:53,18.8,20.0,19.4,50.0,33.3,0.0,0.0,0.0,16.7,12.5,22.2,20.0,0.0,25.0,0.0,0.0,0.0,21.2
09/01/2017,@Bulls,Cameron Payne,14:41,19.8,0.0,24.0,0.0,12.5,0.0,0.0,0.0,30.8,25.0,33.3,0.0,0.0,0.0,0.0,66.7,0.0,0.0
09/01/2017,@Bulls,Jerami Grant,16:23,18.0,18.8,21.4,25.0,33.3,0.0,0.0,0.0,16.7,13.3,8.3,0.0,0.0,40.0,0.0,33.3,0.0,18.9
09/01/2017,@Bulls,Joffrey Lauvergne,13:40,25.2,18.2,14.3,50.0,28.6,100,66.7,0.0,0.0,0.0,0.0,60.0,0.0,0.0,0.0,0.0,50.0,24.0
07/01/2017,Nuggets,Andre Roberson,38:53:00,11.6,9.7,10.3,20.0,16.7,23.8,32.0,0.0,22.0,20.5,0.0,0.0,0.0,10.0,33.3,20.0,27.8,14.0
07/01/2017,Nuggets,Domantas Sabonis,19:24,20.3,15.4,20.0,0.0,15.4,41.7,41.7,33.3,18.2,20.0,16.7,0.0,50.0,0.0,100,25.0,44.4,22.5
07/01/2017,Nuggets,Steven Adams,30:55:00,18.3,26.9,18.5,0.0,0.0,11.1,13.6,0.0,15.2,13.9,13.3,22.2,25.0,50.0,0.0,23.1,20.0,20.3
07/01/2017,Nuggets,Victor Oladipo,32:39:00,25.6,24.1,31.1,0.0,32.0,6.3,9.1,20.0,6.5,8.3,23.1,0.0,33.3,12.5,100,20.0,6.3,18.3
07/01/2017,Nuggets,Russell Westbrook,35:00:00,33.3,33.3,31.7,77.8,42.9,22.7,22.2,66.7,41.7,43.6,64.7,62.5,60.0,0.0,0.0,18.8,11.1,35.2
07/01/2017,Nuggets,Enes Kanter,21:15,25.2,31.8,27.9,0.0,0.0,0.0,0.0,66.7,26.7,33.3,8.3,20.0,0.0,33.3,0.0,0.0,33.3,25.9
07/01/2017,Nuggets,Alex Abrines,19:31,12.0,5.3,10.5,25.0,25.0,44.4,36.4,0.0,15.4,12.5,27.3,0.0,25.0,0.0,0.0,33.3,30.0,13.7
07/01/2017,Nuggets,Cameron Payne,13:00,16.2,23.1,15.4,66.7,37.5,0.0,0.0,0.0,28.6,20.0,16.7,25.0,0.0,0.0,0.0,25.0,0.0,26.7
07/01/2017,Nuggets,Jerami Grant,24:26:00,7.6,4.0,6.5,0.0,9.5,10.0,6.3,0.0,0.0,0.0,0.0,20.0,0.0,80.0,0.0,9.1,15.4,4.3
07/01/2017,Nuggets,Joffrey Lauvergne,04:57,27.3,28.6,27.3,0.0,20.0,0.0,0.0,0.0,0.0,0.0,25.0,0.0,0.0,0.0,0.0,100,0.0,25.0
05/01/2017,@Rockets,Andre Roberson,35:35:00,14.7,19.4,16.7,0.0,14.3,13.3,12.5,55.6,12.9,22.5,0.0,0.0,0.0,28.6,50.0,30.8,8.3,16.1
05/01/2017,@Rockets,Domantas Sabonis,22:17,9.7,16.7,12.2,0.0,0.0,0.0,0.0,0.0,16.7,13.0,11.1,0.0,16.7,40.0,0.0,42.9,11.1,12.0
05/01/2017,@Rockets,Steven Adams,29:09:00,14.2,8.0,11.1,0.0,0.0,33.3,26.7,20.0,29.2,27.6,27.3,25.0,33.3,40.0,0.0,15.4,33.3,11.4
05/01/2017,@Rockets,Victor Oladipo,41:24:00,18.9,17.6,20.5,44.4,34.6,6.3,10.0,14.3,16.1,15.6,15.4,12.5,16.7,0.0,0.0,15.8,6.3,18.3
05/01/2017,@Rockets,Russell Westbrook,37:31:00,50.6,51.6,49.3,80.0,65.2,50.0,50.0,12.5,20.6,19.0,38.5,62.5,33.3,0.0,33.3,13.3,37.5,54.4
05/01/2017,@Rockets,Alex Abrines,17:06,6.8,6.3,5.7,0.0,8.3,10.0,16.7,11.1,9.1,10.0,0.0,0.0,0.0,0.0,0.0,25.0,12.5,6.4
05/01/2017,@Rockets,Enes Kanter,22:28,22.2,25.0,18.6,0.0,0.0,38.5,35.3,54.5,43.8,48.1,20.0,50.0,0.0,25.0,0.0,20.0,54.5,25.0
05/01/2017,@Rockets,Jerami Grant,22:06,9.8,5.3,11.4,0.0,7.7,0.0,0.0,0.0,22.2,13.8,40.0,0.0,0.0,50.0,0.0,25.0,0.0,3.8
05/01/2017,@Rockets,Semaj Christon,12:25,13.0,9.1,16.0,0.0,12.5,0.0,0.0,0.0,0.0,0.0,33.3,0.0,0.0,0.0,100,0.0,0.0,6.5
04/01/2017,@Hornets,Andre Roberson,29:59:00,5.6,4.0,4.9,0.0,5.6,0.0,0.0,10.0,4.2,5.9,7.1,14.3,0.0,0.0,0.0,16.7,0.0,3.2
04/01/2017,@Hornets,Domantas Sabonis,17:11,9.7,6.3,11.4,0.0,0.0,0.0,0.0,25.0,14.3,16.7,0.0,0.0,0.0,0.0,0.0,25.0,25.0,5.6
04/01/2017,@Hornets,Steven Adams,36:29:00,13.8,25.8,13.5,0.0,0.0,12.5,10.5,30.8,28.6,29.3,20.0,18.2,20.0,33.3,11.1,21.7,31.3,21.2
04/01/2017,@Hornets,Victor Oladipo,35:34:00,26.6,21.9,28.6,42.9,33.3,6.3,10.0,20.0,4.0,8.6,27.8,27.3,20.0,0.0,0.0,20.8,10.5,20.7
04/01/2017,@Hornets,Russell Westbrook,33:48:00,46.6,35.7,44.9,28.6,44.4,68.8,68.4,25.0,46.2,39.5,53.3,40.0,40.0,33.3,75.0,21.7,50.0,41.8
04/01/2017,@Hornets,Alex Abrines,21:15,10.5,10.0,12.8,33.3,35.7,0.0,0.0,0.0,5.3,4.0,0.0,0.0,100,0.0,0.0,26.7,0.0,11.1
04/01/2017,@Hornets,Anthony Morrow,04:14,30.8,50.0,33.3,100,33.3,0.0,0.0,0.0,0.0,0.0,0.0,0.0,0.0,0.0,50.0,20.0,0.0,55.6
04/01/2017,@Hornets,Semaj Christon,14:39,14.8,13.3,10.7,0.0,0.0,0.0,0.0,0.0,27.3,23.1,71.4,50.0,0.0,0.0,0.0,25.0,0.0,11.4
04/01/2017,@Hornets,Enes Kanter,19:30,37.6,47.1,39.4,50.0,33.3,55.6,50.0,66.7,40.0,44.4,0.0,16.7,0.0,0.0,100,30.0,45.5,48.9
04/01/2017,@Hornets,Jerami Grant,27:21:00,4.4,4.5,3.9,0.0,0.0,0.0,0.0,12.5,13.6,13.3,0.0,11.1,0.0,50.0,0.0,0.0,0.0,3.0
02/01/2017,@Bucks,Andre Roberson,19:02,5.3,0.0,7.4,0.0,16.7,0.0,0.0,0.0,40.0,30.8,14.3,0.0,0.0,0.0,0.0,22.2,0.0,0.0
02/01/2017,@Bucks,Domantas Sabonis,25:49:00,4.0,0.0,2.4,0.0,6.7,0.0,0.0,0.0,11.8,10.0,9.1,16.7,20.0,0.0,0.0,18.2,16.7,0.0
02/01/2017,@Bucks,Steven Adams,34:09:00,17.3,34.6,20.0,0.0,0.0,16.7,15.4,60.0,19.2,25.8,14.3,0.0,20.0,60.0,0.0,18.8,23.1,29.0
02/01/2017,@Bucks,Victor Oladipo,34:46:00,19.6,26.9,21.4,66.7,38.9,0.0,0.0,14.3,15.4,15.2,30.8,22.2,25.0,0.0,0.0,26.7,7.1,26.5
02/01/2017,@Bucks,Russell Westbrook,35:55:00,50.0,33.3,45.9,28.6,45.5,83.3,84.6,0.0,26.9,20.6,46.2,55.6,60.0,0.0,25.0,16.7,61.5,41.1
02/01/2017,@Bucks,Alex Abrines,13:52,19.5,20.0,23.1,66.7,36.4,0.0,0.0,25.0,14.3,18.2,14.3,0.0,33.3,0.0,0.0,40.0,0.0,23.1
02/01/2017,@Bucks,Joffrey Lauvergne,13:43,14.6,10.0,9.5,0.0,0.0,100,33.3,100,33.3,42.9,16.7,33.3,0.0,0.0,100,0.0,25.0,12.0
02/01/2017,@Bucks,Enes Kanter,22:02,13.3,7.7,17.6,0.0,0.0,0.0,0.0,66.7,20.0,27.8,11.1,0.0,0.0,0.0,66.7,37.5,9.1,5.0
02/01/2017,@Bucks,Semaj Christon,12:05,36.4,55.6,35.3,50.0,40.0,0.0,33.3,0.0,16.7,16.7,28.6,50.0,0.0,0.0,0.0,50.0,25.0,52.4
02/01/2017,@Bucks,Jerami Grant,28:37:00,8.4,9.1,7.8,0.0,6.7,0.0,20.0,0.0,14.3,11.1,7.7,0.0,0.0,50.0,0.0,0.0,11.1,7.4
31/12/2016,Clippers,Andre Roberson,30:31:00,20.1,12.5,22.0,14.3,35.0,8.7,8.0,25.0,8.3,10.7,11.8,33.3,28.6,40.0,66.7,8.3,6.7,11.5
31/12/2016,Clippers,Domantas Sabonis,24:54:00,20.3,21.1,22.2,12.5,18.2,0.0,0.0,50.0,10.5,17.4,13.3,33.3,0.0,50.0,0.0,0.0,0.0,15.8
31/12/2016,Clippers,Steven Adams,29:07:00,11.1,14.8,9.6,0.0,0.0,15.8,22.7,50.0,13.6,19.2,10.5,0.0,14.3,0.0,0.0,10.0,31.3,13.6
31/12/2016,Clippers,Victor Oladipo,29:02:00,21.1,18.2,19.1,50.0,31.3,26.3,22.7,0.0,15.4,13.3,13.3,33.3,0.0,0.0,0.0,41.7,23.5,22.4
31/12/2016,Clippers,Russell Westbrook,28:48:00,23.3,21.4,21.6,0.0,10.5,29.4,30.0,0.0,54.5,46.2,70.0,33.3,40.0,0.0,33.3,0.0,20.0,21.3
31/12/2016,Clippers,Enes Kanter,24:47:00,38.9,31.6,37.1,0.0,0.0,52.4,52.2,50.0,31.6,34.8,0.0,28.6,20.0,50.0,100,30.0,50.0,37.1
31/12/2016,Clippers,Alex Abrines,11:46,19.3,28.6,23.8,80.0,62.5,0.0,0.0,0.0,16.7,11.1,0.0,0.0,66.7,100,0.0,66.7,28.6,30.0
31/12/2016,Clippers,Joffrey Lauvergne,15:30,23.4,22.2,20.0,0.0,16.7,36.4,38.5,0.0,27.3,21.4,20.0,20.0,0.0,0.0,0.0,60.0,25.0,26.7
31/12/2016,Clippers,Semaj Christon,19:12,12.6,11.1,18.5,0.0,20.0,0.0,0.0,25.0,0.0,5.6,40.0,0.0,25.0,0.0,0.0,0.0,0.0,5.9
31/12/2016,Clippers,Jerami Grant,16:59,8.0,16.7,7.1,50.0,14.3,0.0,0.0,0.0,9.1,6.7,0.0,25.0,0.0,0.0,0.0,20.0,9.1,14.3
31/12/2016,Clippers,Anthony Morrow,04:42,22.2,0.0,28.6,0.0,25.0,0.0,0.0,0.0,0.0,0.0,0.0,0.0,0.0,0.0,0.0,25.0,0.0,0.0
31/12/2016,Clippers,Kyle Singler,04:42,11.1,100,14.3,100,25.0,0.0,0.0,0.0,66.7,50.0,0.0,0.0,0.0,0.0,0.0,0.0,0.0,100
29/12/2016,@Grizzlies,Andre Roberson,24:11:00,5.8,8.3,8.3,0.0,0.0,0.0,0.0,0.0,38.5,22.7,0.0,0.0,25.0,0.0,25.0,10.0,0.0,5.7
29/12/2016,@Grizzlies,Domantas Sabonis,21:09,14.9,8.3,16.1,0.0,20.0,0.0,0.0,14.3,14.3,14.3,75.0,22.2,0.0,40.0,0.0,44.4,0.0,5.4
29/12/2016,@Grizzlies,Steven Adams,27:04:00,25.5,7.7,21.4,0.0,0.0,33.3,44.4,72.7,42.9,56.0,66.7,27.3,0.0,40.0,40.0,15.4,46.2,15.0
29/12/2016,@Grizzlies,Anthony Morrow,19:28,7.1,12.5,10.3,0.0,16.7,0.0,0.0,0.0,0.0,0.0,0.0,0.0,33.3,0.0,25.0,10.0,0.0,9.1
29/12/2016,@Grizzlies,Russell Westbrook,23:23,56.6,50.0,57.6,100,85.7,63.6,55.6,20.0,23.1,21.7,0.0,54.5,50.0,0.0,33.3,21.4,54.5,56.8
29/12/2016,@Grizzlies,Alex Abrines,26:31:00,23.2,11.8,24.4,66.7,50.0,23.5,18.2,40.0,7.1,15.8,0.0,22.2,0.0,0.0,20.0,0.0,18.8,18.5
29/12/2016,@Grizzlies,Enes Kanter,23:54,31.0,53.8,31.4,0.0,9.1,35.7,38.9,0.0,50.0,41.7,0.0,22.2,0.0,0.0,25.0,12.5,35.7,46.3
29/12/2016,@Grizzlies,Semaj Christon,26:38:00,9.8,7.7,9.8,0.0,20.0,0.0,0.0,25.0,14.3,16.7,66.7,22.2,100,25.0,0.0,33.3,0.0,4.3
29/12/2016,@Grizzlies,Joffrey Lauvergne,09:58,8.8,0.0,7.1,0.0,16.7,0.0,0.0,0.0,0.0,0.0,0.0,33.3,0.0,0.0,0.0,50.0,12.5,0.0
29/12/2016,@Grizzlies,Jerami Grant,23:49,13.1,15.4,10.5,0.0,0.0,31.3,33.3,0.0,8.3,5.9,0.0,0.0,0.0,16.7,40.0,12.5,23.5,20.0
29/12/2016,@Grizzlies,Nick Collison,07:39,15.6,100,20.0,0.0,0.0,25.0,14.3,0.0,0.0,0.0,0.0,0.0,0.0,100,0.0,50.0,40.0,62.5
29/12/2016,@Grizzlies,Kyle Singler,06:16,6.8,16.7,9.1,0.0,0.0,0.0,0.0,0.0,0.0,0.0,0.0,0.0,0.0,0.0,0.0,50.0,0.0,12.5
27/12/2016,@Heat,Andre Roberson,22:22,8.7,0.0,7.3,0.0,0.0,10.0,12.5,0.0,20.0,12.0,14.3,12.5,0.0,0.0,0.0,28.6,13.3,2.3
27/12/2016,@Heat,Domantas Sabonis,25:46:00,9.3,14.3,12.0,0.0,20.0,0.0,0.0,14.3,23.1,18.5,0.0,0.0,50.0,0.0,0.0,12.5,8.3,11.8
27/12/2016,@Heat,Steven Adams,22:38,26.2,38.9,26.3,0.0,0.0,8.3,6.3,75.0,11.8,32.0,8.3,40.0,0.0,50.0,0.0,50.0,21.4,30.0
27/12/2016,@Heat,Anthony Morrow,20:22,15.4,21.4,18.4,100,50.0,25.0,16.7,0.0,0.0,0.0,12.5,0.0,0.0,0.0,0.0,0.0,20.0,24.3
27/12/2016,@Heat,Russell Westbrook,36:39:00,37.1,36.7,33.3,0.0,6.7,43.8,43.5,0.0,63.0,41.5,73.3,50.0,0.0,0.0,25.0,0.0,28.6,37.2
27/12/2016,@Heat,Alex Abrines,22:26,17.9,26.3,25.0,100,70.0,0.0,0.0,14.3,6.7,9.1,0.0,0.0,0.0,100,0.0,36.4,0.0,29.2
27/12/2016,@Heat,Enes Kanter,33:14:00,30.0,30.0,29.6,0.0,7.7,9.1,23.5,83.3,11.5,25.0,14.3,36.4,50.0,0.0,75.0,6.3,31.3,25.3
27/12/2016,@Heat,Jerami Grant,24:13:00,18.3,12.0,18.4,0.0,30.0,57.1,44.4,0.0,0.0,0.0,7.7,0.0,0.0,100,0.0,35.7,37.5,16.4
27/12/2016,@Heat,Joffrey Lauvergne,11:01,13.5,7.7,12.5,0.0,0.0,50.0,66.7,0.0,40.0,40.0,14.3,0.0,0.0,0.0,0.0,33.3,33.3,9.7
27/12/2016,@Heat,Semaj Christon,11:21,5.0,0.0,0.0,0.0,0.0,0.0,0.0,0.0,20.0,20.0,50.0,33.3,0.0,0.0,0.0,14.3,0.0,0.0
27/12/2016,@Heat,Kyle Singler,09:58,0.0,0.0,0.0,0.0,0.0,0.0,0.0,0.0,0.0,0.0,0.0,0.0,100,0.0,0.0,0.0,0.0,0.0
25/12/2016,Timberwolves,Andre Roberson,26:59:00,9.8,8.0,10.4,0.0,7.1,0.0,0.0,50.0,10.5,17.4,5.9,12.5,50.0,33.3,0.0,18.8,0.0,6.1
25/12/2016,Timberwolves,Domantas Sabonis,19:35,15.0,7.7,15.6,0.0,25.0,16.7,11.1,25.0,42.9,38.9,0.0,14.3,0.0,33.3,0.0,21.4,10.0,8.8
25/12/2016,Timberwolves,Steven Adams,28:35:00,24.7,34.6,24.0,0.0,0.0,33.3,30.8,20.0,23.8,23.1,5.9,25.0,40.0,0.0,0.0,17.6,41.7,32.8
25/12/2016,Timberwolves,Anthony Morrow,11:47,15.3,11.1,22.2,0.0,42.9,0.0,0.0,0.0,10.0,8.3,0.0,0.0,0.0,0.0,0.0,33.3,0.0,8.3
25/12/2016,Timberwolves,Russell Westbrook,32:49:00,44.0,36.7,41.0,25.0,25.0,61.5,64.3,42.9,16.0,21.9,75.0,50.0,20.0,33.3,0.0,10.5,53.8,40.3
25/12/2016,Timberwolves,Jerami Grant,28:13:00,11.2,12.0,10.6,20.0,14.3,18.2,13.3,0.0,21.1,16.0,6.7,12.5,20.0,100,50.0,18.2,8.3,13.6
25/12/2016,Timberwolves,Enes Kanter,29:22:00,24.2,27.6,19.6,0.0,8.3,28.6,41.2,0.0,20.0,16.0,23.5,37.5,20.0,0.0,0.0,18.2,41.7,25.6
25/12/2016,Timberwolves,Joffrey Lauvergne,18:28,9.5,18.8,12.9,40.0,20.0,0.0,0.0,25.0,27.3,26.7,11.1,0.0,0.0,0.0,0.0,16.7,12.5,17.8
25/12/2016,Timberwolves,Kyle Singler,05:06,0.0,0.0,0.0,0.0,0.0,0.0,0.0,0.0,0.0,0.0,0.0,0.0,0.0,0.0,0.0,100,0.0,0.0
25/12/2016,Timberwolves,Semaj Christon,18:25,12.6,5.9,10.0,20.0,11.1,0.0,0.0,33.3,18.2,21.4,33.3,40.0,0.0,0.0,50.0,33.3,11.1,6.4
25/12/2016,Timberwolves,Alex Abrines,20:41,20.2,23.1,26.5,100,70.0,11.1,7.7,0.0,14.3,10.5,0.0,0.0,20.0,0.0,0.0,23.1,0.0,26.3
23/12/2016,@Celtics,Andre Roberson,37:56:00,11.3,6.5,6.3,0.0,4.5,5.6,21.4,0.0,17.2,14.3,18.2,30.0,0.0,50.0,50.0,28.6,17.4,5.6
23/12/2016,@Celtics,Domantas Sabonis,24:46:00,22.8,34.8,24.4,50.0,40.0,0.0,0.0,0.0,8.3,6.3,5.9,50.0,25.0,0.0,0.0,10.0,15.4,32.8
23/12/2016,@Celtics,Steven Adams,29:10:00,10.7,16.0,11.8,0.0,0.0,0.0,7.7,33.3,34.8,34.4,17.6,9.1,50.0,50.0,0.0,0.0,10.0,10.5
23/12/2016,@Celtics,Anthony Morrow,12:14,16.8,10.0,22.7,0.0,42.9,0.0,0.0,0.0,0.0,0.0,0.0,0.0,0.0,0.0,0.0,16.7,0.0,8.0
23/12/2016,@Celtics,Russell Westbrook,34:50:00,42.3,40.6,41.0,50.0,36.8,70.0,53.3,11.1,38.5,31.4,55.0,36.4,20.0,0.0,0.0,6.7,50.0,47.9
23/12/2016,@Celtics,Enes Kanter,23:17,30.3,47.1,36.1,0.0,0.0,28.6,33.3,66.7,10.0,23.1,18.2,9.1,0.0,0.0,100,25.0,28.6,40.0
23/12/2016,@Celtics,Semaj Christon,20:59,11.3,10.5,15.2,0.0,27.3,0.0,0.0,0.0,14.3,10.5,0.0,0.0,0.0,0.0,0.0,27.3,0.0,7.3
23/12/2016,@Celtics,Jerami Grant,29:25:00,10.9,4.2,9.1,0.0,16.7,11.1,6.7,0.0,8.7,7.1,7.7,33.3,33.3,50.0,0.0,28.6,14.3,5.6
23/12/2016,@Celtics,Joffrey Lauvergne,12:53,23.4,0.0,15.0,0.0,20.0,75.0,66.7,0.0,40.0,36.4,42.9,50.0,0.0,0.0,0.0,20.0,40.0,12.5
23/12/2016,@Celtics,Alex Abrines,06:10,14.3,14.3,14.3,25.0,16.7,0.0,0.0,100,0.0,50.0,20.0,0.0,0.0,0.0,0.0,50.0,0.0,16.7
23/12/2016,@Celtics,Kyle Singler,08:20,12.0,14.3,18.2,33.3,40.0,0.0,0.0,0.0,0.0,0.0,16.7,0.0,0.0,0.0,0.0,50.0,0.0,13.6
21/12/2016,@Pelicans,Andre Roberson,28:33:00,10.6,15.4,13.2,16.7,21.4,0.0,0.0,14.3,22.2,20.6,0.0,0.0,40.0,25.0,0.0,18.2,0.0,12.5
21/12/2016,@Pelicans,Domantas Sabonis,12:11,10.5,10.0,13.6,50.0,33.3,0.0,0.0,0.0,50.0,36.4,20.0,0.0,0.0,0.0,0.0,42.9,0.0,10.0
21/12/2016,@Pelicans,Steven Adams,23:24,23.5,30.0,25.6,0.0,0.0,0.0,0.0,80.0,0.0,17.4,33.3,28.6,0.0,50.0,0.0,33.3,14.3,22.2
21/12/2016,@Pelicans,Anthony Morrow,18:23,6.8,6.7,9.4,25.0,11.1,0.0,0.0,0.0,7.1,5.6,0.0,0.0,50.0,0.0,0.0,0.0,0.0,6.3
21/12/2016,@Pelicans,Russell Westbrook,33:35:00,48.2,44.4,43.3,33.3,38.9,84.2,81.8,12.5,31.0,27.0,58.3,44.4,16.7,0.0,33.3,12.5,71.4,53.2
21/12/2016,@Pelicans,Enes Kanter,34:12:00,17.8,18.2,17.5,0.0,0.0,15.4,12.5,50.0,29.6,35.1,6.3,25.0,0.0,40.0,50.0,26.7,30.8,15.9
21/12/2016,@Pelicans,Alex Abrines,29:37:00,23.1,20.0,21.4,71.4,57.9,16.7,25.0,0.0,13.6,9.7,6.7,40.0,25.0,0.0,0.0,25.0,22.2,24.7
21/12/2016,@Pelicans,Semaj Christon,14:25,23.4,16.7,25.0,0.0,20.0,0.0,0.0,0.0,0.0,0.0,50.0,0.0,0.0,0.0,0.0,25.0,0.0,14.3
21/12/2016,@Pelicans,Joffrey Lauvergne,25:10:00,13.1,19.2,15.2,0.0,5.9,0.0,0.0,12.5,27.8,23.1,23.1,0.0,40.0,0.0,50.0,16.7,0.0,14.7
21/12/2016,@Pelicans,Jerami Grant,20:30,4.2,5.0,2.7,20.0,6.7,16.7,25.0,16.7,0.0,6.3,10.0,0.0,0.0,66.7,0.0,11.1,12.5,7.8
19/12/2016,Hawks,Andre Roberson,39:54:00,19.7,15.6,19.4,50.0,33.3,7.1,10.0,15.4,13.6,14.3,11.1,30.0,14.3,0.0,0.0,8.3,13.3,16.7
19/12/2016,Hawks,Domantas Sabonis,12:54,17.9,0.0,15.0,0.0,28.6,0.0,0.0,0.0,40.0,33.3,0.0,50.0,0.0,0.0,0.0,33.3,16.7,0.0
19/12/2016,Hawks,Steven Adams,30:41:00,10.2,9.1,7.5,0.0,0.0,11.8,22.7,57.1,23.8,32.1,0.0,12.5,75.0,50.0,0.0,18.2,17.6,8.8
19/12/2016,Hawks,Anthony Morrow,18:45,13.0,6.7,14.7,0.0,20.0,28.6,16.7,0.0,0.0,0.0,20.0,0.0,33.3,0.0,0.0,50.0,10.0,10.0
19/12/2016,Hawks,Russell Westbrook,35:25:00,51.7,61.5,52.4,37.5,37.0,57.9,54.2,20.0,37.5,32.4,87.5,44.4,16.7,0.0,100,14.3,55.6,58.2
19/12/2016,Hawks,Jerami Grant,27:45:00,11.9,21.7,13.5,37.5,13.6,12.5,11.8,0.0,6.3,3.8,0.0,0.0,20.0,0.0,50.0,9.1,7.7,21.4
19/12/2016,Hawks,Semaj Christon,24:48:00,8.7,4.8,10.9,0.0,11.8,0.0,0.0,18.2,6.7,11.5,37.5,0.0,0.0,0.0,0.0,0.0,0.0,3.4
19/12/2016,Hawks,Alex Abrines,17:15,20.9,18.8,23.5,25.0,35.7,28.6,25.0,0.0,10.0,5.9,0.0,0.0,20.0,0.0,0.0,25.0,20.0,20.9
19/12/2016,Hawks,Enes Kanter,15:07,18.3,26.7,17.9,0.0,0.0,0.0,0.0,66.7,42.9,53.8,16.7,33.3,0.0,100,0.0,50.0,0.0,22.2
19/12/2016,Hawks,Joffrey Lauvergne,03:59,28.6,25.0,28.6,0.0,50.0,0.0,0.0,100,100,100,0.0,0.0,0.0,0.0,0.0,50.0,0.0,25.0
19/12/2016,Hawks,Nick Collison,01:28,0.0,0.0,0.0,0.0,0.0,0.0,0.0,0.0,0.0,0.0,0.0,0.0,0.0,0.0,0.0,100,0.0,0.0
19/12/2016,Hawks,Kyle Singler,12:00,8.4,8.3,4.5,0.0,0.0,0.0,0.0,0.0,20.0,12.5,0.0,100,0.0,50.0,0.0,0.0,33.3,6.7
17/12/2016,Suns,Andre Roberson,34:54:00,11.1,11.8,11.7,16.7,18.2,11.8,17.4,0.0,4.8,3.6,0.0,0.0,27.3,0.0,33.3,23.1,12.5,12.1
17/12/2016,Suns,Domantas Sabonis,23:45,21.9,15.0,21.4,20.0,10.0,22.2,26.7,0.0,26.7,19.0,0.0,20.0,20.0,50.0,100,37.5,18.2,16.7
17/12/2016,Suns,Steven Adams,29:03:00,27.3,29.6,27.1,0.0,0.0,27.3,31.3,100,15.0,29.2,10.0,25.0,25.0,0.0,0.0,33.3,41.7,27.1
17/12/2016,Suns,Anthony Morrow,21:20,13.4,22.2,16.7,75.0,57.1,0.0,0.0,0.0,0.0,0.0,0.0,0.0,66.7,0.0,0.0,0.0,11.1,22.9
17/12/2016,Suns,Russell Westbrook,34:01:00,34.0,26.5,30.4,14.3,18.2,50.0,35.0,0.0,50.0,42.3,91.7,55.6,20.0,50.0,0.0,21.4,28.6,29.2
17/12/2016,Suns,Jerami Grant,28:50:00,14.1,12.0,16.7,33.3,22.2,5.6,8.0,16.7,22.2,20.8,5.9,9.1,10.0,50.0,25.0,23.1,6.7,11.3
17/12/2016,Suns,Enes Kanter,13:52,33.3,25.0,30.4,0.0,0.0,54.5,58.3,100,20.0,38.5,12.5,20.0,0.0,50.0,0.0,0.0,50.0,32.4
17/12/2016,Suns,Nick Collison,05:55,30.4,60.0,30.0,0.0,0.0,33.3,50.0,50.0,66.7,60.0,0.0,0.0,0.0,0.0,0.0,20.0,50.0,53.8
17/12/2016,Suns,Semaj Christon,21:57,15.5,17.6,18.4,0.0,28.6,6.7,5.3,0.0,28.6,20.0,9.1,12.5,16.7,0.0,0.0,27.3,16.7,13.7
17/12/2016,Suns,Kyle Singler,13:55,13.5,16.7,8.0,0.0,16.7,18.2,14.3,0.0,8.3,5.9,50.0,40.0,0.0,0.0,0.0,0.0,11.1,17.4
17/12/2016,Suns,Alex Abrines,12:28,6.9,0.0,10.5,0.0,40.0,0.0,0.0,33.3,0.0,7.1,0.0,0.0,0.0,0.0,0.0,12.5,0.0,0.0
14/12/2016,@Jazz,Andre Roberson,31:31:00,4.6,0.0,6.1,0.0,23.1,0.0,0.0,12.5,22.2,19.2,10.0,0.0,0.0,0.0,0.0,14.3,5.6,0.0
14/12/2016,@Jazz,Domantas Sabonis,15:56,18.6,33.3,24.0,33.3,22.2,0.0,0.0,0.0,50.0,40.0,33.3,0.0,0.0,0.0,100,0.0,0.0,26.9
14/12/2016,@Jazz,Steven Adams,27:37:00,16.7,25.0,15.2,0.0,0.0,18.2,14.3,37.5,12.5,20.8,11.1,28.6,33.3,100,33.3,23.1,21.4,21.3
14/12/2016,@Jazz,Jerami Grant,22:17,15.7,15.4,17.1,33.3,11.1,28.6,22.2,0.0,18.2,14.3,16.7,0.0,0.0,0.0,0.0,25.0,12.5,19.4
14/12/2016,@Jazz,Russell Westbrook,30:38:00,54.0,38.9,51.0,50.0,41.7,57.9,56.5,11.1,29.4,23.1,50.0,71.4,33.3,0.0,33.3,26.7,31.6,45.8
14/12/2016,@Jazz,Anthony Morrow,27:45:00,7.9,5.6,8.0,0.0,22.2,9.1,14.3,10.0,6.3,7.7,0.0,0.0,0.0,0.0,0.0,30.0,30.8,6.0
14/12/2016,@Jazz,Enes Kanter,18:12,34.9,50.0,34.4,0.0,0.0,50.0,53.3,20.0,11.1,14.3,33.3,0.0,100,100,66.7,33.3,62.5,48.7
14/12/2016,@Jazz,Semaj Christon,22:34,19.8,21.4,22.0,50.0,33.3,0.0,0.0,16.7,20.0,18.8,40.0,33.3,0.0,0.0,0.0,25.0,0.0,15.9
14/12/2016,@Jazz,Joffrey Lauvergne,08:07,26.5,16.7,29.4,0.0,33.3,0.0,0.0,100,0.0,33.3,0.0,0.0,0.0,0.0,0.0,0.0,0.0,13.3
14/12/2016,@Jazz,Kyle Singler,16:18,8.2,8.3,6.3,0.0,0.0,0.0,0.0,0.0,28.6,16.7,0.0,33.3,0.0,0.0,50.0,0.0,33.3,6.7
14/12/2016,@Jazz,Nick Collison,16:18,5.4,7.7,6.9,0.0,0.0,0.0,0.0,33.3,28.6,30.8,16.7,0.0,50.0,0.0,0.0,0.0,9.1,5.3
14/12/2016,@Jazz,Alex Abrines,02:49,40.0,50.0,40.0,100,100,0.0,0.0,0.0,0.0,0.0,0.0,0.0,0.0,0.0,0.0,0.0,0.0,60.0
13/12/2016,@Blazers,Andre Roberson,31:08:00,11.9,13.0,12.7,20.0,20.0,0.0,0.0,14.3,15.4,15.0,10.0,15.4,22.2,50.0,0.0,10.0,5.6,10.4
13/12/2016,@Blazers,Domantas Sabonis,20:20,12.7,15.4,10.8,20.0,7.1,0.0,0.0,66.7,38.9,42.9,0.0,22.2,0.0,50.0,0.0,40.0,0.0,14.7
13/12/2016,@Blazers,Steven Adams,26:13:00,24.6,28.6,22.2,0.0,10.0,16.7,21.4,40.0,18.2,25.0,11.1,36.4,44.4,0.0,0.0,0.0,37.5,24.1
13/12/2016,@Blazers,Jerami Grant,26:29:00,18.6,14.3,17.4,0.0,9.1,45.5,40.0,0.0,9.1,5.9,0.0,10.0,12.5,0.0,75.0,33.3,25.0,19.3
13/12/2016,@Blazers,Russell Westbrook,27:21:00,38.6,33.3,40.4,50.0,41.7,33.3,28.6,40.0,36.4,37.5,66.7,36.4,0.0,0.0,0.0,11.1,18.8,34.5
13/12/2016,@Blazers,Enes Kanter,18:40,28.9,7.1,20.0,0.0,11.1,44.4,53.8,50.0,33.3,43.8,12.5,50.0,0.0,0.0,66.7,16.7,60.0,15.4
13/12/2016,@Blazers,Anthony Morrow,20:07,20.9,28.6,28.9,50.0,45.5,0.0,0.0,10.0,14.3,11.8,12.5,0.0,33.3,0.0,33.3,28.6,0.0,23.1
13/12/2016,@Blazers,Semaj Christon,26:53:00,14.6,6.7,11.8,0.0,11.1,13.3,18.2,0.0,5.6,3.1,27.3,23.1,20.0,0.0,0.0,25.0,21.4,8.2
13/12/2016,@Blazers,Joffrey Lauvergne,15:35,18.6,33.3,22.6,50.0,16.7,28.6,16.7,33.3,0.0,20.0,28.6,0.0,100,0.0,0.0,25.0,25.0,33.3
13/12/2016,@Blazers,Alex Abrines,13:23,19.2,28.6,26.9,33.3,41.7,0.0,0.0,0.0,15.4,10.0,25.0,0.0,0.0,0.0,0.0,11.1,0.0,21.7
13/12/2016,@Blazers,Nick Collison,07:39,5.1,0.0,0.0,0.0,0.0,0.0,0.0,0.0,27.3,23.1,33.3,20.0,0.0,0.0,0.0,20.0,0.0,0.0
13/12/2016,@Blazers,Kyle Singler,06:12,11.8,33.3,9.1,50.0,20.0,100,100,0.0,20.0,16.7,50.0,0.0,0.0,0.0,0.0,0.0,50.0,50.0
11/12/2016,Celtics,Andre Roberson,32:42:00,10.8,8.0,12.3,0.0,23.5,0.0,0.0,9.1,14.3,12.8,0.0,8.3,16.7,33.3,0.0,40.0,0.0,7.0
11/12/2016,Celtics,Domantas Sabonis,16:50,19.2,22.2,23.1,0.0,22.2,0.0,0.0,16.7,40.0,31.3,25.0,14.3,0.0,50.0,100,0.0,0.0,18.2
11/12/2016,Celtics,Steven Adams,32:07:00,14.2,25.0,14.5,0.0,0.0,28.6,38.5,40.0,18.2,25.0,20.0,0.0,14.3,16.7,0.0,0.0,33.3,24.6
11/12/2016,Celtics,Victor Oladipo,09:50,19.0,0.0,12.5,0.0,0.0,0.0,0.0,0.0,42.9,42.9,0.0,40.0,0.0,0.0,0.0,100,0.0,0.0
11/12/2016,Celtics,Russell Westbrook,36:12:00,46.0,45.2,41.9,100,31.3,70.0,57.1,25.0,33.3,30.8,54.5,58.3,25.0,0.0,25.0,75.0,56.3,50.0
11/12/2016,Celtics,Enes Kanter,24:35:00,19.2,24.0,22.7,0.0,20.0,22.2,13.3,50.0,22.2,29.2,18.2,0.0,0.0,100,66.7,14.3,16.7,23.0
11/12/2016,Celtics,Anthony Morrow,27:53:00,11.9,8.0,14.5,0.0,30.8,0.0,0.0,7.1,0.0,2.9,18.2,0.0,28.6,0.0,0.0,0.0,16.7,6.9
11/12/2016,Celtics,Joffrey Lauvergne,20:44,27.2,17.6,27.0,0.0,37.5,11.1,22.2,25.0,33.3,30.4,25.0,50.0,25.0,0.0,0.0,0.0,15.4,15.9
11/12/2016,Celtics,Semaj Christon,20:33,10.7,15.8,8.3,50.0,12.5,22.2,26.7,0.0,0.0,0.0,20.0,0.0,50.0,0.0,0.0,0.0,25.0,18.4
11/12/2016,Celtics,Jerami Grant,06:21,7.2,16.7,9.1,0.0,0.0,0.0,0.0,0.0,20.0,14.3,0.0,0.0,0.0,0.0,0.0,0.0,0.0,16.7
11/12/2016,Celtics,Kyle Singler,07:02,14.3,14.3,22.2,0.0,0.0,0.0,0.0,0.0,0.0,0.0,0.0,0.0,0.0,0.0,0.0,0.0,0.0,9.1
11/12/2016,Celtics,Alex Abrines,05:12,0.0,0.0,0.0,0.0,0.0,0.0,0.0,0.0,0.0,0.0,0.0,0.0,0.0,0.0,0.0,66.7,0.0,0.0
09/12/2016,Rockets,Andre Roberson,36:57:00,10.2,11.5,11.7,33.3,21.7,5.0,14.8,25.0,23.3,23.5,18.8,0.0,28.6,20.0,0.0,30.8,11.1,11.5
09/12/2016,Rockets,Domantas Sabonis,24:28:00,10.6,5.3,12.2,25.0,18.8,0.0,0.0,0.0,14.3,13.0,7.7,11.1,0.0,0.0,0.0,16.7,0.0,5.6
09/12/2016,Rockets,Steven Adams,28:55:00,24.8,38.1,19.6,0.0,0.0,57.1,52.9,66.7,32.0,35.7,7.1,26.7,20.0,0.0,0.0,22.2,50.0,40.0
09/12/2016,Rockets,Victor Oladipo,38:00:00,17.7,17.9,19.7,33.3,30.4,0.0,0.0,0.0,26.9,20.6,6.3,21.4,0.0,0.0,0.0,6.3,0.0,14.8
09/12/2016,Rockets,Russell Westbrook,35:36:00,45.5,32.0,42.4,0.0,30.4,61.1,52.2,25.0,31.0,30.3,62.5,53.3,42.9,0.0,0.0,25.0,62.5,36.5
09/12/2016,Rockets,Anthony Morrow,26:10:00,18.9,29.4,22.9,66.7,35.7,0.0,0.0,12.5,4.8,6.9,0.0,12.5,20.0,0.0,0.0,16.7,14.3,23.5
09/12/2016,Rockets,Jerami Grant,23:20,5.2,6.7,5.1,0.0,0.0,0.0,12.5,28.6,0.0,8.7,0.0,0.0,25.0,100,0.0,16.7,6.7,4.4
09/12/2016,Rockets,Semaj Christon,12:24,10.5,0.0,13.6,0.0,0.0,0.0,0.0,20.0,0.0,7.7,50.0,0.0,50.0,0.0,100,14.3,0.0,0.0
09/12/2016,Rockets,Enes Kanter,14:11,25.4,30.0,25.0,0.0,14.3,80.0,50.0,25.0,22.2,23.1,33.3,0.0,0.0,0.0,0.0,37.5,44.4,37.0
05/12/2016,@Hawks,Andre Roberson,37:36:00,7.8,3.6,6.5,0.0,8.7,11.8,8.3,0.0,9.7,7.9,0.0,12.5,0.0,33.3,0.0,23.5,5.9,5.1
05/12/2016,@Hawks,Domantas Sabonis,19:17,12.5,12.5,14.3,0.0,27.3,0.0,0.0,0.0,6.7,5.0,18.2,14.3,25.0,33.3,0.0,33.3,9.1,8.7
05/12/2016,@Hawks,Steven Adams,27:53:00,20.9,20.8,19.2,0.0,0.0,16.7,25.0,85.7,21.1,38.5,0.0,28.6,20.0,0.0,33.3,30.8,25.0,18.2
05/12/2016,@Hawks,Victor Oladipo,36:24:00,20.2,22.2,23.4,22.2,29.6,0.0,0.0,0.0,23.1,18.2,11.1,15.4,14.3,0.0,33.3,18.2,0.0,19.7
05/12/2016,@Hawks,Russell Westbrook,33:52:00,40.4,40.0,37.9,50.0,38.1,56.3,58.3,14.3,52.2,43.3,70.6,36.4,20.0,33.3,33.3,6.7,55.6,44.4
05/12/2016,@Hawks,Enes Kanter,15:07,31.9,27.3,26.1,33.3,20.0,100,100,0.0,27.3,25.0,12.5,33.3,0.0,50.0,0.0,21.4,50.0,35.7
05/12/2016,@Hawks,Anthony Morrow,25:35:00,14.7,23.8,20.5,80.0,42.9,7.1,5.3,0.0,13.3,11.8,0.0,0.0,20.0,0.0,0.0,6.7,11.1,24.6
05/12/2016,@Hawks,Joffrey Lauvergne,05:19,28.0,25.0,12.5,0.0,0.0,100,100,100,0.0,16.7,25.0,40.0,100,100,0.0,66.7,50.0,27.3
05/12/2016,@Hawks,Semaj Christon,14:18,15.7,8.3,13.6,0.0,10.0,0.0,0.0,0.0,15.4,14.3,55.6,25.0,25.0,0.0,0.0,8.3,33.3,6.7
05/12/2016,@Hawks,Jerami Grant,24:39:00,13.5,17.6,16.2,0.0,5.9,0.0,0.0,0.0,11.8,10.5,23.1,11.1,50.0,0.0,0.0,25.0,0.0,13.0
04/12/2016,Pelicans,Andre Roberson,36:44:00,10.4,17.6,11.4,20.0,8.7,0.0,5.6,14.3,10.8,11.4,10.0,7.7,20.0,66.7,0.0,27.3,7.1,15.9
04/12/2016,Pelicans,Domantas Sabonis,24:32:00,11.2,8.0,11.6,33.3,7.7,0.0,0.0,0.0,8.7,8.3,0.0,12.5,50.0,50.0,0.0,57.1,11.1,8.9
04/12/2016,Pelicans,Steven Adams,08:43,17.7,27.3,16.7,0.0,0.0,100,100,0.0,42.9,42.9,0.0,0.0,33.3,0.0,0.0,0.0,100,30.4
04/12/2016,Pelicans,Victor Oladipo,34:44:00,22.0,20.0,23.8,20.0,44.4,18.2,33.3,0.0,14.3,11.9,23.5,0.0,20.0,0.0,0.0,0.0,26.3,19.7
04/12/2016,Pelicans,Russell Westbrook,37:31:00,38.8,29.4,31.9,40.0,38.1,60.0,42.9,11.1,39.0,34.0,63.2,71.4,20.0,0.0,20.0,8.3,37.5,33.7
04/12/2016,Pelicans,Anthony Morrow,24:32:00,11.7,5.6,15.6,0.0,33.3,0.0,0.0,12.5,8.3,9.4,0.0,0.0,0.0,0.0,0.0,12.5,9.1,4.5
04/12/2016,Pelicans,Enes Kanter,29:53:00,23.1,30.4,22.8,0.0,0.0,30.0,31.6,36.4,21.4,25.6,7.7,18.2,33.3,40.0,60.0,16.7,28.6,27.9
04/12/2016,Pelicans,Joffrey Lauvergne,17:55,14.9,15.4,19.4,0.0,11.1,0.0,0.0,80.0,38.9,47.8,0.0,0.0,0.0,0.0,100,14.3,9.1,12.5
04/12/2016,Pelicans,Semaj Christon,11:04,20.0,12.5,16.7,0.0,14.3,0.0,20.0,0.0,12.5,10.0,83.3,50.0,0.0,0.0,0.0,0.0,16.7,10.0
04/12/2016,Pelicans,Jerami Grant,14:22,15.3,33.3,21.4,50.0,20.0,12.5,7.1,0.0,10.5,8.3,0.0,0.0,0.0,0.0,0.0,75.0,11.1,28.6
30/11/2016,Wizards,Andre Roberson,35:01:00,8.4,13.3,9.4,28.6,16.7,0.0,0.0,0.0,18.5,14.3,0.0,11.1,20.0,66.7,0.0,25.0,0.0,11.9
30/11/2016,Wizards,Domantas Sabonis,18:37,11.9,29.4,13.5,0.0,0.0,0.0,0.0,0.0,18.8,15.8,15.4,0.0,66.7,50.0,0.0,30.0,40.0,25.6
30/11/2016,Wizards,Steven Adams,27:49:00,17.3,13.6,12.0,0.0,0.0,54.5,55.6,50.0,23.5,28.6,0.0,12.5,0.0,0.0,0.0,7.7,38.5,20.0
30/11/2016,Wizards,Victor Oladipo,45:28:00,17.4,25.0,19.8,50.0,34.6,0.0,0.0,0.0,18.8,15.0,26.1,15.4,14.3,0.0,50.0,4.8,5.0,23.6
30/11/2016,Wizards,Russell Westbrook,41:07:00,44.5,34.3,45.5,12.5,26.1,47.6,34.5,50.0,35.7,38.9,52.4,50.0,20.0,0.0,33.3,16.7,33.3,35.4
30/11/2016,Wizards,Joffrey Lauvergne,12:13,19.4,20.0,15.8,33.3,25.0,0.0,0.0,0.0,30.8,26.7,16.7,40.0,33.3,0.0,0.0,25.0,0.0,19.2
30/11/2016,Wizards,Anthony Morrow,31:03:00,13.7,6.7,15.8,22.2,33.3,0.0,0.0,0.0,4.0,3.3,23.5,14.3,0.0,0.0,0.0,30.0,6.7,7.2
30/11/2016,Wizards,Semaj Christon,15:19,7.0,7.1,9.1,0.0,12.5,0.0,0.0,100,0.0,7.1,33.3,0.0,100,0.0,0.0,20.0,16.7,5.3
30/11/2016,Wizards,Enes Kanter,14:46,35.8,46.2,40.0,0.0,0.0,66.7,50.0,0.0,33.3,27.3,0.0,0.0,0.0,100,100,25.0,66.7,42.4
30/11/2016,Wizards,Jerami Grant,23:36,12.5,5.3,7.0,16.7,16.7,22.2,32.0,50.0,20.0,28.6,9.1,16.7,25.0,0.0,0.0,44.4,25.0,11.3
28/11/2016,@Knicks,Andre Roberson,31:27:00,11.6,14.3,13.6,50.0,33.3,0.0,0.0,14.3,8.7,10.0,6.3,0.0,25.0,50.0,16.7,25.0,12.5,14.5
28/11/2016,@Knicks,Domantas Sabonis,15:59,17.4,12.5,15.6,50.0,20.0,0.0,0.0,0.0,10.0,6.7,0.0,33.3,0.0,0.0,20.0,37.5,0.0,13.5
28/11/2016,@Knicks,Steven Adams,31:41:00,16.2,21.2,17.2,0.0,0.0,0.0,0.0,36.4,25.0,28.6,0.0,14.3,0.0,0.0,25.0,12.5,14.3,18.7
28/11/2016,@Knicks,Victor Oladipo,30:52:00,13.9,12.1,16.9,0.0,40.0,0.0,0.0,0.0,17.4,11.1,23.5,0.0,25.0,20.0,0.0,13.3,0.0,10.5
28/11/2016,@Knicks,Russell Westbrook,36:22:00,36.6,24.3,31.1,50.0,23.1,77.8,58.3,35.7,44.4,41.5,73.7,63.6,50.0,0.0,40.0,16.7,45.5,31.0
28/11/2016,@Knicks,Joffrey Lauvergne,20:03,20.7,18.8,23.5,0.0,21.4,0.0,0.0,0.0,33.3,26.3,10.0,16.7,0.0,0.0,0.0,42.9,0.0,14.3
28/11/2016,@Knicks,Anthony Morrow,19:35,19.2,31.3,21.9,75.0,38.5,16.7,22.2,0.0,0.0,0.0,11.1,0.0,0.0,0.0,0.0,0.0,33.3,33.3
28/11/2016,@Knicks,Enes Kanter,28:17:00,28.8,44.4,31.5,0.0,6.7,30.0,31.3,42.9,17.4,27.0,0.0,11.1,0.0,50.0,50.0,30.8,21.4,38.6
28/11/2016,@Knicks,Semaj Christon,11:38,8.5,0.0,11.1,0.0,11.1,0.0,0.0,0.0,11.1,8.3,66.7,0.0,0.0,0.0,0.0,0.0,20.0,0.0
28/11/2016,@Knicks,Jerami Grant,14:06,9.7,0.0,0.0,0.0,0.0,33.3,44.4,11.1,8.3,9.5,0.0,28.6,0.0,33.3,0.0,16.7,25.0,2.7
26/11/2016,Pistons,Andre Roberson,30:13:00,6.3,7.7,7.8,0.0,7.1,0.0,0.0,0.0,4.3,3.3,13.3,0.0,0.0,0.0,0.0,0.0,10.0,6.3
26/11/2016,Pistons,Domantas Sabonis,23:57,8.2,4.8,9.8,33.3,20.0,0.0,0.0,20.0,10.5,12.5,10.0,0.0,33.3,0.0,0.0,62.5,0.0,6.1
26/11/2016,Pistons,Steven Adams,29:25:00,20.1,28.0,17.6,0.0,0.0,33.3,38.5,37.5,27.3,30.0,0.0,22.2,25.0,0.0,0.0,11.1,44.4,26.2
26/11/2016,Pistons,Victor Oladipo,32:45:00,17.7,27.3,18.5,50.0,25.0,37.5,35.3,14.3,20.0,18.8,16.7,0.0,25.0,0.0,0.0,18.2,23.1,31.0
26/11/2016,Pistons,Russell Westbrook,37:19:00,35.0,22.9,33.8,0.0,27.8,16.7,15.4,37.5,34.5,35.1,75.0,55.6,25.0,33.3,0.0,16.7,18.2,20.7
26/11/2016,Pistons,Anthony Morrow,26:24:00,21.6,29.6,25.0,60.0,50.0,22.2,13.3,0.0,7.1,5.0,7.1,0.0,0.0,0.0,0.0,14.3,8.3,30.9
26/11/2016,Pistons,Joffrey Lauvergne,11:54,23.8,12.5,17.4,0.0,16.7,44.4,53.3,33.3,75.0,57.1,25.0,0.0,0.0,0.0,0.0,0.0,50.0,23.1
26/11/2016,Pistons,Semaj Christon,03:42,18.2,0.0,28.6,0.0,0.0,0.0,0.0,0.0,0.0,0.0,50.0,0.0,0.0,0.0,0.0,0.0,0.0,0.0
26/11/2016,Pistons,Jerami Grant,25:46:00,16.2,16.0,18.6,20.0,25.0,0.0,0.0,25.0,11.8,14.3,0.0,16.7,0.0,50.0,0.0,25.0,23.1,14.1
26/11/2016,Pistons,Enes Kanter,17:46,29.2,31.3,25.8,0.0,0.0,25.0,23.1,0.0,27.3,23.1,0.0,100,0.0,50.0,100,42.9,18.2,27.9
26/11/2016,Pistons,Alex Abrines,00:49,0.0,0.0,0.0,0.0,0.0,0.0,0.0,0.0,0.0,0.0,0.0,0.0,0.0,0.0,0.0,0.0,0.0,0.0
25/11/2016,@Nuggets,Andre Roberson,34:54:00,8.2,12.5,9.8,0.0,9.1,0.0,4.2,20.0,4.3,7.1,4.3,0.0,11.1,0.0,0.0,25.0,6.7,8.4
25/11/2016,@Nuggets,Domantas Sabonis,28:20:00,14.6,21.7,13.7,42.9,23.1,0.0,0.0,25.0,29.4,28.6,5.6,25.0,25.0,0.0,0.0,16.7,0.0,22.0
25/11/2016,@Nuggets,Steven Adams,30:24:00,13.2,11.1,13.0,0.0,0.0,6.3,10.5,25.0,23.8,24.0,5.6,20.0,33.3,0.0,33.3,41.7,16.7,8.9
25/11/2016,@Nuggets,Victor Oladipo,42:05:00,21.5,29.7,25.3,20.0,28.6,9.5,8.0,16.7,11.1,12.1,31.8,9.1,33.3,0.0,28.6,6.3,11.8,24.8
25/11/2016,@Nuggets,Russell Westbrook,41:14:00,42.5,23.1,34.2,25.0,19.0,75.0,68.0,16.7,37.0,33.3,65.4,77.8,0.0,50.0,50.0,23.1,50.0,32.7
25/11/2016,@Nuggets,Jerami Grant,28:50:00,14.0,4.2,11.5,0.0,30.0,22.2,27.3,0.0,23.8,19.2,0.0,14.3,16.7,33.3,0.0,23.1,25.0,8.7
25/11/2016,@Nuggets,Anthony Morrow,21:41,18.2,21.1,20.0,66.7,28.6,0.0,0.0,0.0,0.0,0.0,11.1,16.7,0.0,25.0,25.0,0.0,14.3,21.7
25/11/2016,@Nuggets,Enes Kanter,19:16,20.7,22.7,25.7,0.0,20.0,25.0,16.7,50.0,11.1,18.2,7.7,0.0,66.7,0.0,33.3,25.0,14.3,20.4
25/11/2016,@Nuggets,Joffrey Lauvergne,18:02,19.3,35.3,23.5,100,40.0,0.0,0.0,50.0,42.9,44.4,0.0,0.0,16.7,33.3,0.0,28.6,16.7,35.7
25/11/2016,@Nuggets,Semaj Christon,00:14,0.0,0.0,0.0,0.0,0.0,0.0,0.0,0.0,0.0,0.0,0.0,0.0,0.0,0.0,0.0,0.0,0.0,0.0
23/11/2016,@Kings,Andre Roberson,35:10:00,10.2,16.0,12.1,25.0,23.5,4.0,6.3,25.0,16.7,17.9,7.7,0.0,14.3,33.3,0.0,26.7,5.3,12.7
23/11/2016,@Kings,Domantas Sabonis,14:33,13.9,14.3,12.0,0.0,0.0,0.0,0.0,0.0,0.0,0.0,30.0,50.0,33.3,0.0,0.0,28.6,0.0,12.1
23/11/2016,@Kings,Steven Adams,28:23:00,15.3,22.2,16.3,0.0,0.0,15.8,17.4,0.0,22.2,21.1,0.0,0.0,0.0,40.0,0.0,20.0,21.4,19.0
23/11/2016,@Kings,Victor Oladipo,36:16:00,23.1,28.0,25.9,42.9,40.0,5.0,7.7,0.0,25.0,20.7,14.3,25.0,20.0,33.3,0.0,17.6,6.3,23.4
23/11/2016,@Kings,Russell Westbrook,35:04:00,38.7,28.0,32.1,25.0,33.3,61.5,55.9,25.0,41.7,39.3,64.3,60.0,33.3,0.0,0.0,5.6,52.4,38.8
23/11/2016,@Kings,Jerami Grant,31:45:00,10.1,10.0,10.4,0.0,11.8,9.5,14.8,0.0,11.5,10.3,12.5,0.0,25.0,20.0,100,13.3,12.5,9.1
23/11/2016,@Kings,Anthony Morrow,18:55,25.5,25.0,28.6,33.3,16.7,23.1,17.6,0.0,0.0,0.0,0.0,0.0,0.0,0.0,0.0,11.1,27.3,25.0
23/11/2016,@Kings,Enes Kanter,21:02,22.6,21.4,25.0,0.0,8.3,36.4,26.7,50.0,29.4,33.3,16.7,0.0,33.3,0.0,0.0,40.0,22.2,23.3
23/11/2016,@Kings,Alex Abrines,03:51,33.8,0.0,50.0,0.0,66.7,0.0,0.0,0.0,0.0,0.0,0.0,25.0,0.0,0.0,0.0,0.0,0.0,0.0
23/11/2016,@Kings,Joffrey Lauvergne,05:32,29.1,50.0,25.0,100,33.3,0.0,0.0,50.0,0.0,20.0,0.0,50.0,0.0,0.0,0.0,0.0,0.0,37.5
23/11/2016,@Kings,Semaj Christon,08:06,0.0,0.0,0.0,0.0,0.0,0.0,0.0,0.0,0.0,0.0,25.0,0.0,0.0,0.0,0.0,75.0,0.0,0.0
23/11/2016,@Kings,Kyle Singler,01:23,0.0,0.0,0.0,0.0,0.0,0.0,0.0,0.0,100,100,0.0,0.0,0.0,0.0,0.0,0.0,0.0,0.0
22/11/2016,@Lakers,Andre Roberson,26:44:00,9.2,8.7,9.8,25.0,23.1,0.0,40.0,14.3,10.5,11.5,6.3,0.0,28.6,100,25.0,14.3,11.1,9.4
22/11/2016,@Lakers,Domantas Sabonis,21:47,8.6,4.5,7.9,16.7,15.4,0.0,0.0,0.0,33.3,28.6,18.8,16.7,12.5,0.0,0.0,0.0,12.5,5.4
22/11/2016,@Lakers,Steven Adams,31:18:00,20.1,27.3,20.0,0.0,0.0,33.3,22.2,57.1,10.5,23.1,9.5,20.0,11.1,25.0,0.0,14.3,21.4,24.7
22/11/2016,@Lakers,Victor Oladipo,39:10:00,17.7,14.6,16.7,18.2,18.2,0.0,0.0,0.0,17.4,12.5,15.4,30.0,20.0,20.0,0.0,10.0,7.1,14.3
22/11/2016,@Lakers,Russell Westbrook,35:31:00,48.2,37.1,45.5,40.0,42.9,57.1,50.0,42.9,20.8,25.8,54.2,61.5,22.2,0.0,60.0,30.0,46.2,39.1
22/11/2016,@Lakers,Enes Kanter,19:03,23.2,33.3,23.5,0.0,0.0,100,100,50.0,18.2,29.4,25.0,16.7,0.0,0.0,50.0,25.0,40.0,35.7
22/11/2016,@Lakers,Jerami Grant,23:16,9.2,22.2,11.4,33.3,16.7,0.0,0.0,0.0,20.0,13.6,10.0,0.0,25.0,0.0,0.0,25.0,10.0,20.9
22/11/2016,@Lakers,Alex Abrines,06:49,10.7,0.0,13.3,0.0,33.3,0.0,0.0,0.0,0.0,0.0,33.3,0.0,0.0,100,0.0,0.0,0.0,0.0
22/11/2016,@Lakers,Semaj Christon,03:53,22.2,0.0,28.6,0.0,50.0,0.0,0.0,0.0,0.0,0.0,0.0,0.0,0.0,0.0,0.0,100,0.0,0.0
22/11/2016,@Lakers,Joffrey Lauvergne,23:03,16.3,22.7,20.5,40.0,33.3,0.0,0.0,0.0,46.7,33.3,7.7,0.0,33.3,33.3,33.3,37.5,33.3,23.5
22/11/2016,@Lakers,Anthony Morrow,09:26,9.6,9.1,11.1,0.0,11.1,0.0,0.0,0.0,0.0,0.0,16.7,0.0,50.0,0.0,0.0,0.0,0.0,7.1
20/11/2016,Pacers,Andre Roberson,35:58:00,5.8,9.1,7.5,33.3,17.4,0.0,0.0,11.1,21.7,18.8,7.1,0.0,14.3,25.0,0.0,18.8,7.7,10.7
20/11/2016,Pacers,Domantas Sabonis,20:18,21.9,21.4,25.0,33.3,38.5,0.0,0.0,42.9,27.3,33.3,0.0,15.4,40.0,0.0,0.0,28.6,0.0,21.9
20/11/2016,Pacers,Steven Adams,33:43:00,13.8,12.5,10.8,0.0,0.0,28.6,20.0,30.8,18.2,22.9,0.0,23.5,28.6,0.0,50.0,26.3,22.2,13.3
20/11/2016,Pacers,Victor Oladipo,37:48:00,19.5,18.2,19.2,22.2,23.1,0.0,0.0,0.0,18.5,13.2,28.6,26.7,33.3,0.0,0.0,14.3,8.3,17.1
20/11/2016,Pacers,Russell Westbrook,40:20:00,41.4,39.4,41.5,33.3,28.6,42.9,41.7,35.7,23.1,27.5,78.9,41.2,12.5,0.0,50.0,13.6,38.5,39.2
20/11/2016,Pacers,Alex Abrines,22:34,19.8,25.0,23.7,0.0,25.0,0.0,0.0,0.0,0.0,0.0,7.7,12.5,20.0,0.0,0.0,0.0,9.1,17.8
20/11/2016,Pacers,Joffrey Lauvergne,26:21:00,8.7,11.1,9.1,16.7,15.8,0.0,12.5,28.6,31.3,30.4,11.8,0.0,0.0,25.0,0.0,12.5,36.4,10.6
20/11/2016,Pacers,Enes Kanter,25:29:00,25.7,21.7,22.0,16.7,12.5,41.7,42.9,0.0,22.2,19.0,17.6,33.3,20.0,42.9,0.0,27.3,21.4,25.0
20/11/2016,Pacers,Jerami Grant,15:03,13.6,17.6,14.3,33.3,14.3,28.6,25.0,0.0,10.0,9.1,0.0,0.0,0.0,66.7,0.0,66.7,28.6,20.5
20/11/2016,Pacers,Anthony Morrow,07:27,22.8,18.2,21.7,0.0,33.3,33.3,50.0,0.0,25.0,10.0,0.0,0.0,0.0,0.0,0.0,0.0,25.0,18.5
18/11/2016,Nets,Andre Roberson,26:19:00,15.4,12.9,17.6,0.0,16.7,0.0,22.2,60.0,15.8,25.0,15.4,0.0,50.0,0.0,50.0,42.9,14.3,11.0
18/11/2016,Nets,Domantas Sabonis,25:48:00,17.8,11.1,19.1,0.0,27.3,0.0,0.0,0.0,17.6,13.0,0.0,20.0,14.3,50.0,0.0,23.1,0.0,9.2
18/11/2016,Nets,Steven Adams,31:58:00,15.2,12.9,9.4,0.0,0.0,46.7,42.1,30.0,14.8,18.9,0.0,30.0,0.0,50.0,0.0,9.1,40.0,18.3
18/11/2016,Nets,Victor Oladipo,36:08:00,24.1,31.4,27.0,60.0,28.6,5.9,4.5,14.3,14.3,14.3,35.3,25.0,0.0,0.0,0.0,25.0,0.0,28.3
18/11/2016,Nets,Russell Westbrook,33:51:00,30.9,34.2,30.4,0.0,5.3,40.0,38.5,33.3,25.9,27.8,72.2,30.0,20.0,0.0,50.0,0.0,36.4,33.0
18/11/2016,Nets,Enes Kanter,13:11,32.3,21.4,20.0,33.3,20.0,60.0,54.5,0.0,33.3,30.0,0.0,60.0,0.0,100,0.0,20.0,42.9,31.7
18/11/2016,Nets,Alex Abrines,22:06,19.8,19.0,25.0,50.0,58.3,0.0,0.0,0.0,10.5,8.7,0.0,11.1,0.0,0.0,0.0,8.3,8.3,16.9
18/11/2016,Nets,Semaj Christon,10:44,4.2,0.0,5.9,0.0,0.0,0.0,0.0,0.0,50.0,40.0,25.0,0.0,50.0,0.0,0.0,16.7,16.7,0.0
18/11/2016,Nets,Jerami Grant,12:02,6.9,10.0,5.3,0.0,0.0,20.0,28.6,0.0,33.3,30.0,0.0,0.0,75.0,0.0,0.0,12.5,16.7,11.1
18/11/2016,Nets,Joffrey Lauvergne,14:13,28.1,33.3,31.0,50.0,50.0,0.0,0.0,0.0,36.4,30.8,10.0,0.0,0.0,0.0,0.0,42.9,66.7,34.2
18/11/2016,Nets,Anthony Morrow,00:28,0.0,0.0,0.0,0.0,0.0,0.0,0.0,0.0,0.0,0.0,0.0,0.0,0.0,0.0,0.0,0.0,0.0,0.0
18/11/2016,Nets,Kyle Singler,13:12,9.8,0.0,8.0,0.0,25.0,0.0,0.0,0.0,11.1,7.7,0.0,25.0,0.0,0.0,0.0,25.0,0.0,0.0
16/11/2016,Rockets,Andre Roberson,31:54:00,17.7,8.0,21.6,0.0,31.3,0.0,0.0,50.0,22.2,24.1,17.6,8.3,20.0,25.0,100,28.6,14.3,6.0
16/11/2016,Rockets,Domantas Sabonis,28:04:00,11.3,16.7,10.2,0.0,7.1,0.0,0.0,33.3,8.7,11.5,20.0,22.2,0.0,0.0,0.0,20.0,0.0,13.1
16/11/2016,Rockets,Steven Adams,33:29:00,12.3,10.7,12.3,0.0,0.0,0.0,0.0,0.0,22.2,19.4,6.3,16.7,0.0,60.0,0.0,14.3,12.5,8.5
16/11/2016,Rockets,Victor Oladipo,40:14:00,23.5,34.3,26.1,45.5,33.3,0.0,0.0,25.0,29.0,28.6,23.8,20.0,28.6,0.0,33.3,36.4,0.0,31.5
16/11/2016,Rockets,Russell Westbrook,36:06:00,37.7,29.0,30.8,28.6,21.1,83.3,84.6,25.0,17.6,18.4,45.0,54.5,40.0,0.0,50.0,0.0,75.0,37.0
16/11/2016,Rockets,Enes Kanter,14:31,20.7,25.0,22.2,0.0,0.0,40.0,40.0,100,50.0,53.8,11.1,0.0,0.0,100,0.0,37.5,50.0,23.5
16/11/2016,Rockets,Nick Collison,03:07,0.0,0.0,0.0,0.0,0.0,0.0,0.0,0.0,0.0,0.0,0.0,0.0,0.0,0.0,0.0,0.0,0.0,0.0
16/11/2016,Rockets,Alex Abrines,14:30,14.2,16.7,14.3,50.0,37.5,33.3,33.3,0.0,0.0,0.0,11.1,0.0,100,0.0,0.0,0.0,0.0,22.6
16/11/2016,Rockets,Semaj Christon,14:18,19.7,20.0,16.0,20.0,14.3,0.0,0.0,0.0,0.0,0.0,16.7,40.0,0.0,0.0,0.0,14.3,50.0,19.2
16/11/2016,Rockets,Jerami Grant,18:48,14.5,18.8,17.1,33.3,27.3,0.0,0.0,0.0,20.0,16.7,11.1,0.0,0.0,25.0,0.0,0.0,0.0,19.5
16/11/2016,Rockets,Anthony Morrow,01:26,33.3,0.0,50.0,0.0,0.0,0.0,0.0,0.0,0.0,0.0,0.0,0.0,0.0,0.0,0.0,100,0.0,0.0
16/11/2016,Rockets,Joffrey Lauvergne,03:34,20.0,0.0,25.0,0.0,50.0,0.0,0.0,0.0,50.0,33.3,0.0,0.0,100,0.0,100,50.0,0.0,0.0
14/11/2016,@Pistons,Andre Roberson,28:54:00,6.7,8.7,6.1,0.0,6.3,0.0,5.9,0.0,17.4,13.3,0.0,10.0,0.0,0.0,0.0,7.7,10.0,6.6
14/11/2016,@Pistons,Domantas Sabonis,23:10,12.6,5.6,11.6,33.3,20.0,0.0,0.0,0.0,5.6,4.3,0.0,25.0,0.0,0.0,0.0,41.7,0.0,6.4
14/11/2016,@Pistons,Steven Adams,29:11:00,11.0,5.3,5.7,0.0,0.0,13.3,20.0,55.6,20.7,28.9,0.0,33.3,100,33.3,33.3,20.0,16.7,7.0
14/11/2016,@Pistons,Victor Oladipo,22:45,31.3,30.8,39.5,50.0,53.8,0.0,7.7,12.5,4.5,6.7,33.3,0.0,0.0,33.3,33.3,11.1,12.5,24.3
14/11/2016,@Pistons,Russell Westbrook,33:34:00,43.0,44.0,36.2,0.0,9.5,84.6,70.6,28.6,44.8,41.7,80.0,58.3,0.0,0.0,0.0,26.7,70.0,50.0
14/11/2016,@Pistons,Alex Abrines,17:20,22.7,7.1,21.9,50.0,55.6,40.0,40.0,0.0,9.1,7.7,11.1,20.0,0.0,0.0,100,28.6,25.0,14.3
14/11/2016,@Pistons,Enes Kanter,16:47,25.3,36.4,27.3,0.0,28.6,40.0,28.6,33.3,9.1,17.6,12.5,0.0,0.0,25.0,16.7,0.0,20.0,34.5
14/11/2016,@Pistons,Jerami Grant,26:28:00,13.2,29.4,15.7,33.3,23.5,0.0,0.0,16.7,18.2,17.9,0.0,0.0,100,40.0,0.0,25.0,0.0,25.6
14/11/2016,@Pistons,Joffrey Lauvergne,16:00,19.5,10.0,20.0,100,25.0,0.0,0.0,0.0,55.6,38.5,12.5,20.0,0.0,0.0,33.3,20.0,0.0,13.0
14/11/2016,@Pistons,Semaj Christon,15:27,10.5,0.0,12.9,0.0,0.0,0.0,0.0,0.0,22.2,12.5,50.0,0.0,0.0,0.0,14.3,16.7,16.7,0.0
14/11/2016,@Pistons,Nick Collison,01:50,0.0,0.0,0.0,0.0,0.0,0.0,0.0,0.0,0.0,0.0,0.0,0.0,0.0,0.0,0.0,50.0,0.0,0.0
14/11/2016,@Pistons,Anthony Morrow,08:34,25.2,50.0,35.7,0.0,25.0,0.0,0.0,66.7,0.0,22.2,25.0,0.0,0.0,100,50.0,0.0,0.0,40.0
13/11/2016,Magic,Andre Roberson,32:13:00,16.4,17.1,18.3,33.3,35.3,0.0,16.7,25.0,4.8,10.3,0.0,0.0,25.0,66.7,0.0,33.3,13.3,15.9
13/11/2016,Magic,Domantas Sabonis,18:04,18.3,5.9,18.8,50.0,44.4,0.0,0.0,0.0,22.2,13.3,12.5,33.3,0.0,0.0,33.3,42.9,0.0,7.0
13/11/2016,Magic,Steven Adams,34:44:00,17.3,17.6,19.7,0.0,0.0,6.3,4.2,40.0,27.3,31.3,0.0,14.3,25.0,16.7,50.0,10.0,16.7,14.8
13/11/2016,Magic,Victor Oladipo,30:43:00,13.6,18.8,15.8,0.0,6.3,0.0,0.0,0.0,5.6,3.7,13.3,14.3,33.3,0.0,0.0,0.0,0.0,14.5
13/11/2016,Magic,Russell Westbrook,37:38:00,34.5,35.9,29.2,0.0,15.0,81.3,75.0,22.2,41.7,36.4,80.0,28.6,0.0,0.0,16.7,16.7,55.6,40.6
13/11/2016,Magic,Jerami Grant,13:40,14.5,10.0,10.7,0.0,0.0,0.0,50.0,0.0,25.0,18.2,0.0,25.0,0.0,0.0,50.0,22.2,33.3,9.1
13/11/2016,Magic,Enes Kanter,23:37,27.1,26.9,27.7,0.0,16.7,33.3,22.2,100,28.6,44.4,0.0,25.0,50.0,100,0.0,20.0,16.7,25.8
13/11/2016,Magic,Alex Abrines,18:55,17.5,17.6,17.9,50.0,40.0,0.0,0.0,0.0,23.1,17.6,0.0,25.0,0.0,0.0,0.0,30.0,20.0,17.5
13/11/2016,Magic,Joffrey Lauvergne,14:53,14.8,23.1,14.3,100,33.3,0.0,0.0,0.0,10.0,8.3,0.0,20.0,0.0,0.0,0.0,22.2,33.3,31.0
13/11/2016,Magic,Semaj Christon,10:22,16.1,0.0,20.0,0.0,40.0,0.0,0.0,0.0,0.0,0.0,100,0.0,0.0,0.0,100,14.3,50.0,0.0
13/11/2016,Magic,Nick Collison,04:42,7.8,0.0,9.1,0.0,0.0,0.0,0.0,0.0,0.0,0.0,33.3,0.0,0.0,0.0,0.0,0.0,0.0,0.0
13/11/2016,Magic,Kyle Singler,00:29,0.0,0.0,0.0,0.0,0.0,0.0,0.0,0.0,0.0,0.0,0.0,0.0,0.0,0.0,0.0,0.0,0.0,0.0
11/11/2016,Clippers,Andre Roberson,34:29:00,14.7,19.2,15.4,23.1,25.0,0.0,0.0,37.5,22.2,25.7,16.7,16.7,33.3,100,0.0,18.2,16.7,17.3
11/11/2016,Clippers,Domantas Sabonis,27:47:00,12.3,17.4,9.8,30.8,26.3,0.0,0.0,0.0,5.3,4.3,15.4,27.3,0.0,0.0,0.0,14.3,12.5,18.5
11/11/2016,Clippers,Steven Adams,32:11:00,8.9,8.3,8.5,0.0,0.0,15.4,13.3,14.3,16.7,16.1,10.0,8.3,0.0,0.0,0.0,18.2,16.7,8.3
11/11/2016,Clippers,Victor Oladipo,38:17:00,26.1,19.4,27.5,28.6,38.1,22.2,30.0,14.3,3.3,5.4,5.9,18.8,0.0,0.0,66.7,12.5,25.0,21.2
11/11/2016,Clippers,Russell Westbrook,35:16:00,38.1,32.1,37.9,25.0,21.7,61.5,60.0,14.3,50.0,42.4,69.2,28.6,50.0,0.0,0.0,22.7,38.5,35.8
11/11/2016,Clippers,Enes Kanter,20:55,23.4,33.3,27.5,0.0,9.1,12.5,11.1,60.0,47.1,50.0,0.0,0.0,50.0,0.0,0.0,30.0,18.2,27.1
11/11/2016,Clippers,Semaj Christon,19:44,20.2,18.8,19.4,16.7,9.1,28.6,22.2,0.0,0.0,0.0,36.4,25.0,0.0,0.0,100,12.5,8.3,20.0
11/11/2016,Clippers,Alex Abrines,12:56,12.3,10.0,8.7,0.0,20.0,16.7,25.0,0.0,10.0,9.1,0.0,20.0,0.0,0.0,0.0,50.0,22.2,10.3
11/11/2016,Clippers,Nick Collison,04:59,15.2,0.0,11.1,0.0,0.0,0.0,0.0,0.0,0.0,0.0,50.0,50.0,0.0,0.0,0.0,66.7,50.0,0.0
11/11/2016,Clippers,Jerami Grant,13:26,10.5,16.7,13.6,33.3,33.3,0.0,0.0,0.0,22.2,20.0,11.1,0.0,0.0,0.0,0.0,16.7,0.0,16.1
09/11/2016,Raptors,Andre Roberson,22:47,15.5,23.1,17.9,16.7,10.5,0.0,0.0,0.0,6.7,5.0,0.0,11.1,0.0,50.0,33.3,28.6,14.3,17.5
09/11/2016,Raptors,Domantas Sabonis,27:32:00,9.4,15.0,12.5,12.5,13.6,0.0,0.0,0.0,5.9,4.0,36.4,0.0,25.0,0.0,0.0,22.2,0.0,11.5
09/11/2016,Raptors,Steven Adams,35:26:00,11.7,13.0,8.8,0.0,0.0,34.8,30.8,75.0,30.0,42.9,7.7,7.7,33.3,33.3,0.0,25.0,33.3,17.9
09/11/2016,Raptors,Victor Oladipo,36:00:00,21.0,25.0,28.1,62.5,37.5,4.5,4.0,30.0,27.8,28.6,18.2,6.7,33.3,0.0,33.3,11.8,0.0,23.1
09/11/2016,Raptors,Russell Westbrook,38:46:00,46.9,33.3,40.6,30.0,42.9,65.2,69.2,20.0,21.7,21.2,46.7,57.1,20.0,50.0,60.0,15.4,60.0,41.4
09/11/2016,Raptors,Enes Kanter,18:50,16.2,27.3,12.0,0.0,0.0,15.4,13.3,0.0,0.0,0.0,0.0,27.3,0.0,0.0,0.0,25.0,36.4,20.5
09/11/2016,Raptors,Kyle Singler,07:17,6.8,0.0,11.1,0.0,20.0,0.0,0.0,0.0,60.0,60.0,25.0,0.0,0.0,0.0,0.0,33.3,0.0,0.0
09/11/2016,Raptors,Alex Abrines,04:50,18.6,33.3,16.7,100,33.3,0.0,0.0,0.0,0.0,0.0,0.0,33.3,0.0,0.0,0.0,0.0,0.0,27.3
09/11/2016,Raptors,Joffrey Lauvergne,11:28,12.4,0.0,13.3,0.0,20.0,0.0,0.0,0.0,12.5,10.0,0.0,14.3,0.0,0.0,0.0,28.6,0.0,0.0
09/11/2016,Raptors,Semaj Christon,15:47,5.7,0.0,5.0,0.0,11.1,0.0,0.0,0.0,33.3,23.1,50.0,10.0,0.0,0.0,0.0,16.7,0.0,0.0
09/11/2016,Raptors,Anthony Morrow,09:14,18.2,14.3,21.4,0.0,25.0,0.0,0.0,0.0,16.7,11.1,0.0,25.0,0.0,0.0,0.0,0.0,0.0,7.7
09/11/2016,Raptors,Jerami Grant,12:03,19.9,33.3,18.8,33.3,22.2,28.6,25.0,0.0,25.0,22.2,0.0,20.0,0.0,33.3,0.0,25.0,20.0,31.8
07/11/2016,Heat,Andre Roberson,30:28:00,8.4,7.7,7.3,0.0,0.0,11.1,18.2,16.7,16.7,16.7,12.5,10.0,50.0,0.0,20.0,0.0,18.2,7.5
07/11/2016,Heat,Domantas Sabonis,30:17:00,22.9,22.7,26.0,66.7,41.2,14.3,22.2,0.0,37.0,33.3,7.7,9.1,0.0,0.0,0.0,44.4,11.1,26.3
07/11/2016,Heat,Steven Adams,29:16:00,11.1,13.6,10.4,0.0,0.0,0.0,0.0,0.0,23.1,21.4,0.0,18.2,50.0,100,0.0,37.5,20.0,10.5
07/11/2016,Heat,Victor Oladipo,33:22:00,15.9,23.1,15.5,14.3,11.1,44.4,36.4,0.0,7.1,6.1,12.5,9.1,0.0,0.0,0.0,10.0,20.0,25.0
07/11/2016,Heat,Russell Westbrook,26:39:00,36.0,20.8,33.3,16.7,42.9,37.5,33.3,33.3,13.0,17.2,73.3,50.0,0.0,0.0,40.0,33.3,40.0,22.6
07/11/2016,Heat,Enes Kanter,20:48,29.4,55.6,28.6,0.0,0.0,57.1,50.0,50.0,46.2,47.6,7.7,25.0,0.0,33.3,40.0,20.0,57.1,52.2
07/11/2016,Heat,Joffrey Lauvergne,15:39,25.3,16.7,30.0,33.3,36.4,0.0,0.0,14.3,12.5,13.3,0.0,16.7,50.0,50.0,0.0,22.2,0.0,14.7
07/11/2016,Heat,Alex Abrines,16:59,26.4,16.7,29.0,50.0,58.3,0.0,0.0,20.0,9.1,12.5,0.0,25.0,33.3,0.0,33.3,20.0,0.0,16.1
07/11/2016,Heat,Jerami Grant,15:11,13.7,10.0,15.4,33.3,18.2,20.0,33.3,0.0,9.1,6.7,14.3,0.0,0.0,100,50.0,25.0,20.0,14.3
07/11/2016,Heat,Semaj Christon,21:21,10.3,7.7,10.8,0.0,0.0,0.0,0.0,25.0,21.4,22.2,66.7,12.5,0.0,0.0,0.0,0.0,0.0,5.7
05/11/2016,Timberwolves,Andre Roberson,25:13:00,11.8,11.5,12.5,33.3,25.0,9.1,11.8,0.0,6.3,4.5,0.0,0.0,0.0,20.0,40.0,20.0,16.7,13.0
05/11/2016,Timberwolves,Domantas Sabonis,24:11:00,16.0,13.0,19.1,0.0,33.3,0.0,0.0,14.3,26.7,22.7,38.5,0.0,0.0,25.0,33.3,27.3,0.0,10.5
05/11/2016,Timberwolves,Steven Adams,28:22:00,16.9,21.4,13.5,0.0,0.0,18.2,11.8,42.9,26.3,30.8,12.5,60.0,33.3,40.0,0.0,10.0,7.7,18.9
05/11/2016,Timberwolves,Victor Oladipo,30:44:00,16.3,17.2,16.4,14.3,13.3,9.1,17.6,0.0,13.0,9.7,6.7,14.3,16.7,0.0,0.0,0.0,28.6,15.8
05/11/2016,Timberwolves,Russell Westbrook,28:22:00,36.5,32.1,34.6,57.1,35.7,54.5,47.1,28.6,21.1,23.1,50.0,40.0,50.0,0.0,0.0,30.0,38.5,37.8
05/11/2016,Timberwolves,Enes Kanter,20:39,41.8,45.0,41.2,0.0,20.0,28.6,36.4,100,53.8,62.5,9.1,50.0,20.0,20.0,50.0,20.0,28.6,40.8
05/11/2016,Timberwolves,Alex Abrines,17:16,3.7,0.0,3.2,0.0,0.0,25.0,14.3,0.0,28.6,20.0,22.2,0.0,33.3,0.0,0.0,11.1,0.0,2.8
05/11/2016,Timberwolves,Semaj Christon,19:38,20.1,23.5,23.5,0.0,50.0,50.0,28.6,0.0,0.0,0.0,62.5,0.0,0.0,0.0,0.0,27.3,16.7,26.3
05/11/2016,Timberwolves,Joffrey Lauvergne,22:48,19.4,21.1,23.1,0.0,25.0,0.0,0.0,40.0,15.4,22.2,0.0,11.1,0.0,0.0,50.0,36.4,12.5,18.2
05/11/2016,Timberwolves,Jerami Grant,19:47,11.3,12.5,6.5,0.0,0.0,0.0,28.6,0.0,15.4,12.5,0.0,22.2,33.3,100,0.0,10.0,42.9,10.8
05/11/2016,Timberwolves,Kyle Singler,03:00,42.9,0.0,42.9,0.0,0.0,0.0,0.0,0.0,0.0,0.0,0.0,0.0,0.0,0.0,100,100,0.0,0.0
03/11/2016,@Warriors,Andre Roberson,18:06,18.2,6.7,17.6,0.0,25.0,0.0,0.0,16.7,14.3,15.0,0.0,40.0,0.0,0.0,50.0,42.9,0.0,5.1
03/11/2016,@Warriors,Domantas Sabonis,26:54:00,20.8,25.0,23.5,16.7,7.1,0.0,0.0,11.1,33.3,25.0,23.1,20.0,20.0,25.0,22.2,22.2,12.5,21.3
03/11/2016,@Warriors,Steven Adams,23:48,16.6,22.7,17.5,0.0,0.0,9.1,13.3,60.0,5.9,18.2,7.1,14.3,40.0,50.0,0.0,25.0,20.0,17.5
03/11/2016,@Warriors,Victor Oladipo,30:00:00,20.2,36.4,22.8,66.7,31.6,11.1,25.0,0.0,17.6,12.0,0.0,0.0,0.0,0.0,12.5,18.2,20.0,35.6
03/11/2016,@Warriors,Russell Westbrook,28:52:00,37.8,16.7,27.3,25.0,25.0,90.9,77.8,12.5,25.0,21.4,62.5,66.7,20.0,50.0,50.0,21.4,70.0,29.9
03/11/2016,@Warriors,Anthony Morrow,09:18,11.9,0.0,10.5,0.0,33.3,0.0,0.0,0.0,0.0,0.0,0.0,25.0,0.0,0.0,0.0,0.0,0.0,0.0
03/11/2016,@Warriors,Jerami Grant,25:19:00,15.8,18.8,18.4,0.0,0.0,0.0,15.4,12.5,25.0,20.0,0.0,0.0,0.0,0.0,20.0,20.0,12.5,14.6
03/11/2016,@Warriors,Joffrey Lauvergne,18:42,15.6,27.3,15.2,25.0,18.2,11.1,14.3,100,25.0,43.8,28.6,20.0,66.7,0.0,0.0,18.2,11.1,22.9
03/11/2016,@Warriors,Semaj Christon,19:08,16.1,18.2,18.8,0.0,18.2,0.0,0.0,20.0,25.0,23.1,75.0,14.3,66.7,0.0,25.0,33.3,0.0,13.8
03/11/2016,@Warriors,Enes Kanter,03:28,25.4,0.0,20.0,0.0,0.0,0.0,0.0,0.0,0.0,0.0,0.0,50.0,0.0,0.0,0.0,0.0,50.0,0.0
03/11/2016,@Warriors,Alex Abrines,19:20,15.2,9.1,18.2,50.0,60.0,33.3,20.0,20.0,18.2,18.8,20.0,0.0,0.0,0.0,0.0,0.0,25.0,16.7
03/11/2016,@Warriors,Kyle Singler,17:05,18.0,15.4,18.5,20.0,22.2,12.5,16.7,0.0,22.2,15.4,0.0,16.7,0.0,50.0,25.0,20.0,12.5,15.4
02/11/2016,@Clippers,Andre Roberson,23:34,11.8,6.3,11.4,0.0,7.7,0.0,28.6,40.0,11.1,17.4,0.0,9.1,16.7,100,33.3,12.5,14.3,5.4
02/11/2016,@Clippers,Domantas Sabonis,16:50,8.1,18.2,12.5,50.0,33.3,0.0,0.0,0.0,16.7,16.7,20.0,0.0,20.0,0.0,0.0,50.0,14.3,20.0
02/11/2016,@Clippers,Steven Adams,31:16:00,7.8,4.3,5.3,0.0,0.0,0.0,0.0,33.3,32.1,32.4,10.0,20.0,12.5,0.0,25.0,26.3,20.0,3.5
02/11/2016,@Clippers,Victor Oladipo,32:31:00,15.6,12.5,19.0,33.3,41.7,33.3,27.3,0.0,18.5,14.3,10.0,0.0,0.0,0.0,25.0,11.8,33.3,15.8
02/11/2016,@Clippers,Russell Westbrook,32:39:00,54.2,58.3,50.8,0.0,38.9,77.8,64.3,16.7,16.7,16.7,50.0,62.5,37.5,0.0,0.0,20.0,41.7,57.4
02/11/2016,@Clippers,Enes Kanter,23:37,21.7,20.0,25.0,0.0,16.7,0.0,0.0,37.5,39.1,38.7,0.0,16.7,50.0,0.0,0.0,11.1,20.0,16.7
02/11/2016,@Clippers,Anthony Morrow,09:43,13.1,14.3,17.6,0.0,0.0,0.0,0.0,0.0,0.0,0.0,0.0,0.0,50.0,0.0,0.0,25.0,0.0,11.1
02/11/2016,@Clippers,Kyle Singler,04:44,16.8,33.3,20.0,0.0,50.0,0.0,0.0,0.0,33.3,25.0,0.0,0.0,0.0,100,0.0,0.0,0.0,25.0
02/11/2016,@Clippers,Joffrey Lauvergne,17:09,4.8,8.3,3.6,0.0,0.0,20.0,22.2,25.0,21.4,22.2,60.0,0.0,0.0,0.0,0.0,0.0,22.2,10.0
02/11/2016,@Clippers,Semaj Christon,15:21,26.8,30.0,28.0,0.0,0.0,0.0,0.0,25.0,8.3,12.5,0.0,33.3,0.0,0.0,100,75.0,0.0,25.0
02/11/2016,@Clippers,Jerami Grant,17:34,21.4,16.7,20.7,0.0,0.0,40.0,44.4,0.0,12.5,10.5,0.0,12.5,0.0,100,50.0,14.3,30.0,20.0
02/11/2016,@Clippers,Nick Collison,07:08,0.0,0.0,0.0,0.0,0.0,0.0,0.0,0.0,28.6,22.2,75.0,0.0,0.0,0.0,0.0,0.0,0.0,0.0
02/11/2016,@Clippers,Alex Abrines,07:54,23.6,33.3,20.0,100,50.0,0.0,0.0,0.0,0.0,0.0,0.0,66.7,0.0,0.0,0.0,0.0,0.0,30.0
30/10/2016,Lakers,Andre Roberson,30:03:00,10.2,14.8,11.3,0.0,14.3,0.0,16.7,0.0,21.7,16.7,15.8,0.0,14.3,25.0,0.0,0.0,7.7,11.1
30/10/2016,Lakers,Domantas Sabonis,06:48,6.1,0.0,7.7,0.0,0.0,0.0,0.0,0.0,0.0,0.0,0.0,0.0,100,50.0,0.0,100,0.0,0.0
30/10/2016,Lakers,Steven Adams,29:34:00,19.9,20.7,19.4,0.0,0.0,28.6,22.2,42.9,40.9,41.4,9.1,22.2,37.5,50.0,50.0,13.3,30.0,19.2
30/10/2016,Lakers,Victor Oladipo,38:22:00,24.8,19.4,27.0,42.9,38.9,23.1,18.8,0.0,4.0,3.0,18.2,17.6,6.7,0.0,0.0,17.6,20.0,21.7
30/10/2016,Lakers,Russell Westbrook,33:39:00,35.6,33.3,29.6,71.4,30.0,66.7,66.7,50.0,28.0,33.3,66.7,63.6,14.3,25.0,50.0,20.0,50.0,40.2
30/10/2016,Lakers,Ersan Ilyasova,25:41:00,11.4,0.0,10.7,0.0,27.8,0.0,0.0,16.7,29.4,26.1,0.0,15.4,10.0,33.3,0.0,20.0,0.0,0.0
30/10/2016,Lakers,Enes Kanter,21:56,23.2,42.1,26.8,0.0,10.0,0.0,0.0,20.0,27.8,26.1,0.0,16.7,0.0,0.0,0.0,20.0,28.6,34.8
30/10/2016,Lakers,Kyle Singler,18:11,11.0,12.5,9.1,0.0,12.5,0.0,0.0,33.3,7.7,12.5,0.0,20.0,14.3,0.0,0.0,37.5,0.0,10.3
30/10/2016,Lakers,Semaj Christon,20:05,14.8,11.1,17.1,33.3,11.1,0.0,10.0,0.0,0.0,0.0,25.0,9.1,25.0,0.0,0.0,10.0,11.1,10.9
30/10/2016,Lakers,Joffrey Lauvergne,07:55,11.6,12.5,15.4,0.0,50.0,0.0,0.0,0.0,33.3,33.3,14.3,0.0,50.0,0.0,0.0,33.3,0.0,9.1
30/10/2016,Lakers,Anthony Morrow,05:57,33.3,37.5,38.5,0.0,33.3,0.0,0.0,0.0,0.0,0.0,14.3,0.0,100,0.0,0.0,25.0,0.0,35.3
30/10/2016,Lakers,Alex Abrines,01:49,44.6,100,50.0,0.0,0.0,100,60.0,0.0,0.0,0.0,0.0,0.0,50.0,0.0,0.0,0.0,66.7,100
28/10/2016,Suns,Andre Roberson,39:45:00,5.9,9.7,5.6,20.0,5.9,8.0,6.7,0.0,39.3,30.6,0.0,6.7,50.0,50.0,0.0,25.0,4.8,9.8
28/10/2016,Suns,Domantas Sabonis,17:29,16.0,30.8,18.8,0.0,0.0,0.0,0.0,0.0,30.8,22.2,0.0,16.7,0.0,0.0,0.0,33.3,0.0,22.9
28/10/2016,Suns,Steven Adams,39:42:00,15.2,10.7,11.3,0.0,0.0,14.3,11.1,54.5,12.5,23.3,0.0,33.3,14.3,0.0,0.0,11.1,23.8,11.4
28/10/2016,Suns,Victor Oladipo,43:42:00,22.1,25.0,22.4,50.0,33.3,30.0,24.1,9.1,10.5,10.2,20.0,20.0,28.6,33.3,0.0,10.5,18.2,26.9
28/10/2016,Suns,Russell Westbrook,45:19:00,49.8,48.6,53.0,40.0,50.0,55.6,58.8,25.0,28.6,27.7,90.9,27.8,20.0,0.0,0.0,13.6,52.0,50.0
28/10/2016,Suns,Ersan Ilyasova,16:15,11.7,12.5,9.7,33.3,22.2,0.0,0.0,0.0,41.7,31.3,0.0,33.3,20.0,0.0,0.0,25.0,10.0,11.4
28/10/2016,Suns,Kyle Singler,32:51:00,6.8,7.1,9.4,0.0,25.0,0.0,0.0,0.0,10.3,7.5,0.0,0.0,0.0,0.0,0.0,14.3,4.5,4.9
28/10/2016,Suns,Enes Kanter,12:16,26.6,14.3,22.2,0.0,0.0,66.7,80.0,50.0,10.0,16.7,0.0,22.2,0.0,0.0,50.0,75.0,33.3,22.2
28/10/2016,Suns,Semaj Christon,11:13,21.3,12.5,20.0,0.0,0.0,0.0,33.3,25.0,7.7,11.8,0.0,20.0,0.0,100,100,0.0,20.0,11.1
28/10/2016,Suns,Joffrey Lauvergne,06:28,0.0,0.0,0.0,0.0,0.0,0.0,0.0,100,0.0,28.6,50.0,0.0,0.0,0.0,0.0,66.7,25.0,0.0
26/10/2016,@76ers,Andre Roberson,31:51:00,4.8,0.0,3.1,0.0,0.0,8.3,22.2,25.0,16.7,18.4,23.1,0.0,33.3,50.0,0.0,21.4,17.6,1.4
26/10/2016,@76ers,Domantas Sabonis,16:21,13.1,18.2,15.6,100,50.0,0.0,0.0,0.0,33.3,26.7,0.0,0.0,0.0,0.0,50.0,33.3,0.0,20.8
26/10/2016,@76ers,Steven Adams,35:33:00,21.8,23.3,22.9,0.0,0.0,13.3,9.1,22.2,9.1,11.9,6.7,28.6,50.0,0.0,16.7,25.0,22.2,20.3
26/10/2016,@76ers,Victor Oladipo,26:03:00,31.9,22.2,32.0,0.0,38.5,20.0,20.0,33.3,12.5,16.7,14.3,42.9,0.0,50.0,50.0,16.7,23.1,20.4
26/10/2016,@76ers,Russell Westbrook,36:23:00,31.8,36.7,29.6,25.0,11.8,60.0,50.0,11.1,33.3,28.6,60.0,28.6,0.0,0.0,20.0,11.8,36.8,40.5
26/10/2016,@76ers,Ersan Ilyasova,20:03,14.6,25.0,17.9,50.0,41.7,0.0,0.0,25.0,25.0,25.0,14.3,0.0,33.3,0.0,0.0,10.0,25.0,22.2
26/10/2016,@76ers,Kyle Singler,21:31,15.2,5.3,14.3,33.3,45.5,18.2,15.4,0.0,6.3,4.3,0.0,25.0,0.0,0.0,16.7,16.7,11.1,9.6
26/10/2016,@76ers,Enes Kanter,23:60,27.6,33.3,29.8,0.0,0.0,27.3,28.6,50.0,36.8,41.4,0.0,0.0,100,50.0,42.9,21.4,20.0,30.4
26/10/2016,@76ers,Semaj Christon,14:51,14.4,18.2,17.2,0.0,16.7,0.0,0.0,0.0,12.5,7.7,80.0,0.0,0.0,0.0,0.0,12.5,0.0,13.3
26/10/2016,@76ers,Alex Abrines,13:24,12.6,8.3,7.7,33.3,25.0,0.0,0.0,0.0,11.1,7.7,0.0,66.7,0.0,0.0,0.0,50.0,0.0,9.4